티커,권리락일,분할/병합
A,2014-11-03,1.398
AAPL,1987-06-16,2.0
AAPL,2000-06-21,2.0
AAPL,2005-02-28,2.0
AAPL,2014-06-09,7.0
AAPL,2020-08-31,4.0
ABM,1983-02-04,1.5
ABM,1989-04-10,1.25
ABM,1992-07-31,2.0
ABM,1996-08-06,2.0
ABM,2002-05-07,2.0
ABR,2012-08-30,10.0
ABT,1964-04-27,2.0
ABT,1975-08-25,2.0
ABT,1978-05-22,2.0
ABT,1981-05-29,2.0
ABT,1981-06-01,2.0
ABT,1986-06-02,2.0
ABT,1990-06-01,2.0
ABT,1992-06-01,2.0
ABT,1998-06-01,2.0
ABT,2004-05-03,1.069
ABT,2013-01-02,2.084
ADI,1980-04-16,1.25
ADI,1981-04-07,1.25
ADI,1982-04-13,1.25
ADI,1983-04-05,1.5
ADI,1984-04-17,1.333
ADI,1985-04-16,1.25
ADI,1986-04-15,1.333
ADI,1995-01-05,1.5
ADI,1996-01-04,1.5
ADI,1997-01-07,1.333
ADI,2000-03-16,2.0
ADM,1975-12-11,1.499
ADM,1977-08-26,1.05
ADM,1978-08-28,1.05
ADM,1979-08-27,1.05
ADM,1980-10-27,1.05
ADM,1981-03-23,1.5
ADM,1981-08-17,1.05
ADM,1982-08-17,1.05
ADM,1983-08-16,1.05
ADM,1984-08-14,1.05
ADM,1985-08-13,1.05
ADM,1986-06-03,1.5
ADM,1986-08-12,1.05
ADM,1987-08-11,1.05
ADM,1988-08-16,1.05
ADM,1989-08-22,1.05
ADM,1989-12-05,1.5
ADM,1990-08-14,1.05
ADM,1991-08-13,1.05
ADM,1992-08-11,1.05
ADM,1993-08-17,1.05
ADM,1994-08-16,1.05
ADM,1994-12-06,1.5
ADM,1995-08-17,1.05
ADM,1996-08-15,1.05
ADM,1997-08-14,1.05
ADM,1998-08-20,1.05
ADM,1999-08-19,1.05
ADM,2000-08-24,1.05
ADM,2001-08-30,1.05
ADP,1976-07-02,2.0
ADP,1981-05-22,2.0
ADP,1986-06-09,2.0
ADP,1991-05-01,2.0
ADP,1996-01-02,2.0
ADP,1997-09-08,1.5
ADP,1999-01-04,2.0
ADP,2007-04-02,1.107
ADP,2014-10-01,1.139
AEP,1962-10-31,2.0
AES,1994-02-01,1.5
AES,1994-03-04,1.03
AES,1997-08-29,2.0
AES,2000-06-02,2.0
AFG,1982-01-25,1.5
AFG,1988-03-14,2.0
AFG,2006-12-18,1.5
AFL,1983-12-14,1.2
AFL,1984-10-22,1.1
AFL,1985-06-04,1.5
AFL,1986-03-03,1.333
AFL,1987-02-03,2.0
AFL,1993-06-15,1.25
AFL,1996-03-18,1.5
AFL,1998-06-09,2.0
AFL,2001-03-19,2.0
AFL,2018-03-19,2.0
AGCO,1994-12-16,1.5
AGCO,1996-02-01,2.0
AGM,1999-08-02,3.0
AIN,1998-06-03,1.005
AIN,1998-09-02,1.005
AIN,1998-12-02,1.02
AIN,1999-12-08,1.02
AIT,1988-06-06,1.5
AIT,1989-06-05,1.5
AIT,1995-12-05,1.5
AIT,1997-09-16,1.5
AIT,2004-12-20,1.5
AIT,2006-06-16,1.5
AJG,1986-07-16,2.0
AJG,2000-03-16,2.0
AJG,2001-01-19,2.0
AL,1987-06-02,1.5
AL,1989-06-12,1.5
ALB,2007-03-02,2.0
ALE,1986-07-16,2.0
ALE,1999-03-03,2.0
ALE,2004-09-21,0.333
ALL,1998-07-02,2.0
ALLE,1996-12-30,1.1
ALLE,1998-01-22,1.25
AMAT,1980-04-02,1.5
AMAT,1981-02-06,1.5
AMAT,1986-05-16,2.0
AMAT,1992-04-07,2.0
AMAT,1993-10-06,2.0
AMAT,1995-10-13,2.0
AMAT,1997-10-14,2.0
AMAT,2000-03-16,2.0
AMAT,2002-04-17,2.0
AMGN,1990-08-13,2.0
AMGN,1991-09-11,3.0
AMGN,1995-08-16,2.0
AMGN,1999-03-01,2.0
AMGN,1999-11-22,2.0
AON,1987-05-27,2.0
AON,1994-05-17,1.5
AON,1997-05-15,1.5
AON,1999-05-18,1.5
AOS,1993-08-17,2.0
AOS,1998-08-18,1.5
AOS,2010-11-16,1.5
AOS,2013-05-16,2.0
AOS,2016-09-19,2.0
AOS,2016-10-06,2.0
APD,1975-01-21,1.019
APD,1976-01-27,1.02
APD,1976-07-28,2.0
APD,1977-01-25,1.02
APD,1986-06-06,2.0
APD,1992-03-10,2.0
APD,1998-06-16,2.0
APD,2016-10-03,1.081
APH,2000-04-26,2.0
APH,2004-03-30,2.0
APH,2007-04-02,2.0
APH,2014-10-10,2.0
APH,2021-03-05,2.0
APH,2024-06-12,2.0
APOG,1977-11-03,1.5
APOG,1978-10-31,1.5
APOG,1979-10-30,1.25
APOG,1980-11-25,1.25
APOG,1981-11-24,1.333
APOG,1982-11-29,1.25
APOG,1983-11-21,1.25
APOG,1986-09-15,1.333
APOG,1997-02-18,2.0
ARE,2002-07-30,100.0
ASB,1980-05-21,1.1
ASB,1983-05-06,1.1
ASB,1984-05-10,1.1
ASB,1985-09-18,2.0
ASB,1987-05-12,1.1
ASB,1990-05-10,1.1
ASB,1993-08-16,1.1
ASB,1995-06-16,1.25
ASB,1997-03-03,1.2
ASB,1998-06-15,1.25
ASB,2000-05-30,1.1
ASB,2002-04-25,1.1
ASB,2004-05-13,1.5
ASH,1979-01-15,1.5
ASH,1988-07-29,2.0
ASH,2000-03-30,1.057
ASH,2005-07-01,1.218
ASH,2017-05-15,2.044
ATO,1985-06-13,2.0
ATO,1994-05-17,1.5
ATR,1998-08-26,2.0
ATR,2007-05-10,2.0
AUB,1995-05-23,1.333
AUB,1998-06-02,2.0
AUB,2006-10-16,1.5
AVA,1993-11-10,2.0
AVGO,2024-07-15,10.0
AVT,1981-06-01,1.1
AVT,1983-02-16,2.0
AVT,2000-09-29,2.0
AVY,1983-12-29,2.0
AVY,1987-03-17,2.0
AVY,1996-12-23,2.0
AWK,1985-03-04,2.0
AWK,1987-05-29,2.0
AWK,1996-07-26,2.0
AWR,1993-10-06,2.0
AWR,2002-06-10,1.5
AWR,2013-09-04,2.0
AXS,2014-09-12,5.0
BAC,1986-11-21,2.0
BAC,1997-02-28,2.0
BAC,2004-08-30,2.0
BANF,1992-06-15,1.5
BANF,2006-03-02,2.0
BANF,2017-07-31,2.0
BANF,2017-08-01,2.0
BAX,1981-11-09,2.0
BAX,1983-11-18,2.0
BAX,1992-12-01,1.101
BAX,2001-05-31,2.0
BAX,2015-07-01,1.841
BBY,1986-04-01,2.0
BBY,1987-02-23,1.5
BBY,1987-02-24,1.5
BBY,1993-09-02,1.5
BBY,1994-04-29,2.0
BBY,1998-05-27,2.0
BBY,1999-03-19,2.0
BBY,2002-05-13,1.5
BBY,2005-08-04,1.5
BC,1983-11-16,2.0
BC,1986-02-18,2.0
BC,1987-06-10,2.0
BCC,1988-01-19,1.667
BCPC,1990-12-31,1.25
BCPC,1991-12-30,1.333
BCPC,1994-10-04,1.5
BCPC,1998-06-04,1.5
BCPC,2005-01-21,1.5
BCPC,2006-01-23,1.5
BCPC,2007-01-22,1.5
BCPC,2010-01-21,1.5
BDX,1986-03-03,2.0
BDX,1993-03-01,2.0
BDX,1996-08-16,2.0
BDX,1998-08-21,2.0
BDX,2022-04-01,1.025
BEN,1984-04-13,1.25
BEN,1985-04-02,2.0
BEN,1986-01-23,2.0
BEN,1986-01-24,2.0
BEN,1986-10-27,1.5
BEN,1987-07-15,1.25
BEN,1990-01-16,1.5
BEN,1992-04-15,2.0
BEN,1997-01-15,1.5
BEN,1998-01-16,2.0
BEN,2013-07-26,3.0
BF/B,1981-07-17,2.0
BF/B,1987-04-02,1.5
BF/B,1994-05-31,3.0
BF/B,2004-01-21,2.0
BF/B,2008-10-28,1.25
BF/B,2012-08-13,1.5
BF/B,2016-08-04,2.0
BF/B,2016-08-19,2.0
BF/B,2018-03-01,1.25
BIP,2016-09-15,1.5
BIP,2020-03-31,1.12
BIP,2022-06-13,1.5
BK,1983-10-11,2.0
BK,1986-11-07,1.5
BK,1994-05-16,2.0
BK,1996-08-09,2.0
BK,1998-08-14,2.0
BK,2007-07-02,0.943
BKH,1976-02-02,2.0
BKH,1983-06-01,2.0
BKH,1986-03-03,2.0
BKH,1992-03-03,1.5
BKH,1998-03-11,1.5
BMI,1997-04-21,2.0
BMI,2004-12-13,2.0
BMI,2006-06-16,2.0
BMI,2016-09-16,2.0
BMY,1977-05-31,2.0
BMY,1983-05-27,2.0
BMY,1987-06-10,2.0
BMY,1997-03-03,2.0
BMY,1999-03-01,2.0
BMY,2001-08-07,1.051
BOKF,1991-12-17,0.01
BOKF,1993-11-03,1.03
BOKF,1994-11-02,1.03
BOKF,1995-11-15,1.03
BOKF,1996-11-14,1.03
BOKF,1997-11-13,1.03
BOKF,1998-11-10,1.05
BOKF,1999-02-23,2.0
BOKF,1999-10-06,1.03
BOKF,2001-05-03,1.03
BOKF,2002-05-09,1.03
BOKF,2003-05-08,1.03
BOKF,2004-05-06,1.03
BPOP,1976-12-06,1.038
BPOP,1977-12-08,1.037
BPOP,1978-12-11,1.035
BPOP,1979-12-03,0.034
BPOP,1981-12-02,1.5
BPOP,1985-04-11,2.0
BPOP,1985-09-03,3.0
BPOP,1989-04-04,2.0
BPOP,1991-01-02,2.5
BPOP,1996-07-02,2.0
BPOP,1998-07-02,2.0
BPOP,2004-07-09,2.0
BPOP,2012-05-30,0.1
BR,2004-06-02,2.0
BRC,1986-11-03,2.0
BRC,1995-12-18,3.0
BRC,2005-01-03,2.0
BRO,1983-03-24,1.5
BRO,1986-05-12,1.5
BRO,1991-05-30,1.25
BRO,1998-03-02,1.5
BRO,2000-08-24,2.0
BRO,2001-11-23,2.0
BRO,2005-11-29,2.0
BRO,2018-03-29,2.0
BWXT,2015-07-01,1.398
CADE,1995-11-21,2.0
CADE,1998-05-18,2.0
CAH,1985-03-26,1.1
CAH,1986-02-25,1.1
CAH,1987-09-09,1.1
CAH,1988-09-09,1.1
CAH,1989-10-02,1.25
CAH,1990-10-01,1.25
CAH,1991-10-01,1.25
CAH,1994-07-01,1.25
CAH,1996-12-17,1.5
CAH,1998-11-02,1.5
CAH,2001-04-23,1.5
CASY,1985-06-25,1.5
CASY,1986-08-05,2.0
CASY,1994-02-16,2.0
CASY,1998-02-17,2.0
CAT,1964-07-06,2.0
CAT,1976-07-26,1.5
CAT,1994-09-06,2.0
CAT,1997-07-14,2.0
CAT,2005-07-14,2.0
CB,1985-10-25,1.5
CB,1990-05-31,2.0
CB,1996-05-06,0.5
CB,1998-03-03,3.0
CB,2006-04-19,0.5
CBSH,1973-04-30,2.0
CBSH,1986-05-27,2.0
CBSH,1989-05-30,2.0
CBSH,1993-06-01,1.5
CBSH,1994-12-06,1.05
CBSH,1995-11-28,1.05
CBSH,1996-11-26,1.05
CBSH,1997-11-25,1.05
CBSH,1998-03-31,1.5
CBSH,1998-11-25,1.05
CBSH,1999-11-26,1.05
CBSH,2000-11-28,1.05
CBSH,2001-11-28,1.05
CBSH,2002-11-26,1.05
CBSH,2003-11-25,1.05
CBSH,2004-11-24,1.05
CBSH,2005-11-25,1.05
CBSH,2006-11-27,1.05
CBSH,2007-11-27,1.05
CBSH,2008-11-12,1.05
CBSH,2009-11-25,1.05
CBSH,2010-12-02,1.05
CBSH,2011-11-28,1.05
CBSH,2012-11-28,1.05
CBSH,2013-11-26,1.05
CBSH,2014-11-25,1.05
CBSH,2015-11-24,1.05
CBSH,2016-11-30,1.05
CBSH,2017-11-29,1.05
CBSH,2018-11-29,1.05
CBSH,2019-12-02,1.05
CBSH,2020-12-01,1.05
CBSH,2021-12-01,1.05
CBSH,2022-12-01,1.05
CBSH,2023-12-01,1.05
CBSH,2024-12-03,1.05
CBT,1980-11-05,3.0
CBT,1994-08-18,2.0
CBT,1996-03-25,2.0
CBU,1986-05-16,2.0
CBU,1997-03-13,2.0
CBU,2004-04-13,2.0
CCOI,2005-03-24,0.05
CFR,1980-02-05,1.1
CFR,1981-02-25,1.333
CFR,1981-12-01,1.333
CFR,1993-02-09,1.1
CFR,1996-06-24,2.0
CFR,1999-06-23,2.0
CGNX,1992-02-18,2.0
CGNX,1993-10-01,2.0
CGNX,1995-12-19,2.0
CGNX,2013-09-17,2.0
CGNX,2017-12-04,2.0
CHCO,1987-10-02,1.5
CHCO,1989-01-03,1.5
CHCO,1992-08-17,1.1
CHCO,1994-12-23,1.1
CHCO,1995-10-30,1.1
CHCO,1996-10-30,1.1
CHD,1981-06-22,3.0
CHD,1983-06-09,1.5
CHD,1984-09-04,1.5
CHD,1986-03-06,2.0
CHD,1999-09-02,2.0
CHD,2004-09-02,1.5
CHD,2011-06-02,2.0
CHD,2016-09-02,2.0
CHDN,1998-04-15,2.0
CHDN,2019-01-28,3.0
CHDN,2023-05-22,2.0
CHE,1981-11-12,2.0
CHE,2005-05-12,2.0
CHRW,2000-12-04,2.0
CHRW,2005-10-17,2.0
CINF,1980-03-28,1.1
CINF,1982-03-18,1.1
CINF,1984-03-19,1.05
CINF,1985-05-01,2.0
CINF,1987-09-02,1.05
CINF,1992-05-18,3.0
CINF,1995-03-13,1.05
CINF,1996-03-13,1.05
CINF,1998-05-18,3.0
CINF,2004-04-28,1.05
CINF,2005-04-04,1.05
CL,1973-05-30,3.0
CL,1991-05-16,2.0
CL,1997-05-16,2.0
CL,1999-07-01,2.0
CL,2013-05-16,2.0
CLX,1987-06-02,2.0
CLX,1997-09-03,2.0
CLX,1999-08-24,2.0
CMCSA,1980-05-16,1.5
CMCSA,1981-04-13,1.5
CMCSA,1983-01-06,1.5
CMCSA,1984-09-19,1.5
CMCSA,1985-06-28,1.5
CMCSA,1986-12-19,1.5
CMCSA,1988-04-11,1.5
CMCSA,1989-10-25,1.5
CMCSA,1994-02-03,1.5
CMCSA,1999-05-06,2.0
CMCSA,2007-02-22,1.5
CMCSA,2017-02-21,2.0
CME,2012-07-23,5.0
CMI,1993-11-12,2.0
CMI,2007-04-10,2.0
CMI,2008-01-03,2.0
CNA,1998-06-02,3.0
CNA,2001-08-29,1.023
CNS,1996-12-26,1.25
CNS,1997-06-25,1.25
COP,1985-07-05,3.0
COP,1997-01-02,1.1
COP,1997-12-29,1.25
COP,1998-12-29,1.25
COP,1999-12-27,1.1
COP,2005-06-02,2.0
COP,2012-05-01,1.312
COST,1984-06-13,2.0
COST,1986-02-04,2.0
COST,1991-05-16,2.0
COST,1992-03-09,1.5
COST,1993-10-22,2.0
COST,2000-01-14,2.0
CPK,1973-11-09,1.02
CPK,1984-06-07,2.0
CPK,1986-10-06,1.5
CPK,1989-04-05,1.5
CPK,2014-09-09,1.5
CSCO,1991-03-18,2.0
CSCO,1992-03-23,2.0
CSCO,1993-03-22,2.0
CSCO,1994-03-21,2.0
CSCO,1996-02-20,2.0
CSCO,1997-12-17,1.5
CSCO,1998-09-16,1.5
CSCO,1999-06-22,2.0
CSCO,2000-03-23,2.0
CSGS,1999-03-08,2.0
CSL,1979-05-11,2.0
CSL,1981-05-11,2.0
CSL,1993-06-02,2.0
CSL,1997-01-16,2.0
CSL,2007-03-20,2.0
CSX,1983-10-26,3.0
CSX,1995-12-22,2.0
CSX,2006-08-16,2.0
CSX,2011-06-16,3.0
CSX,2021-06-29,3.0
CUZ,1980-05-27,1.25
CUZ,1981-03-30,1.25
CUZ,1983-06-21,1.25
CUZ,1984-06-19,1.25
CUZ,1986-05-28,1.5
CUZ,1987-05-29,1.5
CUZ,2000-10-03,1.5
CUZ,2016-10-07,1.417
CUZ,2019-06-17,0.25
CVX,1962-12-17,1.05
CVX,1973-12-11,2.0
CVX,1981-03-11,2.0
CVX,1994-06-13,2.0
CVX,2004-09-13,2.0
CW,1997-12-24,2.0
CW,2003-12-18,2.0
CW,2006-04-24,2.0
CWT,1984-05-03,2.0
CWT,1987-11-02,2.0
CWT,1998-01-26,2.0
CWT,2011-06-13,2.0
DCI,1976-08-03,1.499
DCI,1978-08-01,1.5
DCI,1988-05-03,2.0
DCI,1992-07-13,1.5
DCI,1994-04-07,2.0
DCI,1998-01-14,2.0
DCI,2004-03-22,2.0
DCI,2012-03-26,2.0
DDS,1983-03-24,2.0
DDS,1984-09-17,2.0
DDS,1985-12-17,2.0
DDS,1992-06-08,3.0
DG,1992-04-16,1.25
DG,1993-03-01,1.5
DG,1993-09-20,1.25
DG,1995-03-07,1.333
DG,1996-04-29,1.25
DG,1997-02-13,1.25
DG,1997-09-23,1.25
DG,1998-03-24,1.25
DG,1998-09-22,1.25
DG,1999-05-25,1.25
DG,2000-05-23,1.25
DGX,2001-06-01,2.0
DGX,2005-06-21,2.0
DHI,1993-08-25,1.05
DHI,1994-05-24,1.06
DHI,1995-05-24,1.09
DHI,1995-09-18,1.4
DHI,1996-05-06,1.08
DHI,2000-09-14,1.09
DHI,2001-03-07,1.11
DHI,2002-04-10,1.5
DHI,2004-01-13,1.5
DHI,2005-03-17,1.333
DHR,1987-09-09,2.0
DHR,1995-01-23,2.0
DHR,1998-06-01,2.0
DHR,2004-05-21,2.0
DHR,2010-06-14,2.0
DHR,2016-07-05,1.319
DKS,2004-04-06,2.0
DKS,2007-10-22,2.0
DOV,1976-09-23,2.0
DOV,1979-10-29,2.0
DOV,1981-09-28,2.0
DOV,1988-09-26,2.0
DOV,1995-09-18,2.0
DOV,1997-12-16,2.0
DOV,2014-03-03,1.205
DOV,2018-05-09,1.238
DTE,1963-01-15,2.0
DTE,2021-07-01,1.175
DUK,1990-10-01,2.0
DUK,2001-01-29,2.0
DUK,2007-01-03,1.721
DUK,2012-07-03,0.333
ECL,1986-07-16,2.0
ECL,1994-01-19,2.0
ECL,1998-01-16,2.0
ECL,2003-06-09,2.0
ED,1965-03-02,2.0
ED,1982-07-01,2.0
ED,1989-07-03,2.0
EGP,1997-04-08,1.5
EIX,1984-08-13,2.0
EIX,1993-06-22,2.0
ELS,1994-04-25,2.0
ELS,2013-07-16,2.0
ELS,2019-10-16,2.0
ELV,2005-06-01,2.0
ELV,2005-09-22,2.0
EMN,2011-10-04,2.0
EMR,1973-08-21,2.0
EMR,1987-09-11,3.0
EMR,1997-03-11,2.0
EMR,2006-12-12,2.0
ENSG,2001-02-22,5.0
ENSG,2014-06-03,1.833
ENSG,2015-12-24,2.0
ENSG,2019-10-01,1.069
EOG,1994-06-16,2.0
EOG,2005-03-02,2.0
EOG,2014-04-01,2.0
EPD,2002-05-16,2.0
EPD,2014-08-22,2.0
EQIX,2002-12-31,0.031
EQR,2001-10-12,2.0
ERIE,1996-05-13,3.0
ES,2013-04-30,2.0
ETN,1979-10-03,1.5
ETN,1988-09-20,1.5
ETN,1993-06-29,2.0
ETN,2001-01-02,1.152
ETN,2004-02-24,2.0
ETN,2011-03-01,2.0
ETR,2024-12-13,2.0
EVRG,1987-05-22,2.0
EWBC,2004-06-22,2.0
EXPD,1986-09-26,1.5
EXPD,1993-11-12,2.0
EXPD,1996-12-12,2.0
EXPD,1999-06-01,2.0
EXPD,2002-06-25,2.0
EXPD,2006-06-26,2.0
EXPO,2006-06-12,2.0
EXPO,2015-06-05,2.0
EXPO,2018-06-08,2.0
FAF,1998-01-16,1.5
FAF,1998-07-20,3.0
FAST,1988-09-19,1.5
FAST,1990-02-26,2.0
FAST,1992-03-31,2.0
FAST,1995-03-30,2.0
FAST,2002-05-13,2.0
FAST,2005-11-14,2.0
FAST,2011-05-23,2.0
FAST,2019-05-23,2.0
FCF,1994-02-11,2.0
FCF,1999-11-19,2.0
FDS,1999-02-08,1.5
FDS,2000-02-07,2.0
FDS,2005-02-07,1.5
FELE,2002-03-25,2.0
FELE,2004-06-16,2.0
FELE,2013-03-19,2.0
FFIN,1994-06-02,1.25
FFIN,1995-09-13,1.25
FFIN,1996-06-04,1.25
FFIN,1997-06-03,1.25
FFIN,1998-11-12,1.1
FFIN,2001-06-04,1.25
FFIN,2003-06-03,1.25
FFIN,2005-06-02,1.333
FFIN,2011-06-02,1.5
FFIN,2014-06-03,2.0
FFIN,2019-06-04,2.0
FITB,1983-03-28,2.0
FITB,1985-04-01,1.5
FITB,1986-04-28,1.5
FITB,1987-10-16,1.5
FITB,1990-01-16,1.5
FITB,1992-04-16,1.5
FITB,1996-01-16,1.5
FITB,1997-07-16,1.5
FITB,1998-04-16,1.5
FITB,2000-07-17,1.5
FLO,1982-06-03,1.5
FLO,1983-04-05,1.5
FLO,1984-10-18,1.5
FLO,1987-11-30,1.5
FLO,1995-11-20,1.5
FLO,1997-05-05,1.5
FLO,2002-01-03,1.5
FLO,2003-06-30,1.5
FLO,2005-07-05,1.5
FLO,2007-07-02,1.5
FLO,2011-06-27,1.5
FLO,2013-06-20,1.5
FMC,1986-05-29,5.0
FMC,2007-09-14,2.0
FMC,2012-05-25,2.0
FMC,2019-03-04,1.153
FNF,1992-03-31,1.333
FNF,1993-02-04,1.5
FNF,1993-12-27,1.5
FNF,1996-12-19,1.1
FNF,1997-12-24,1.1
FNF,1998-12-23,1.1
FNF,2001-08-07,1.1
FNF,2002-05-07,1.1
FNF,2003-05-27,1.25
FNF,2004-02-10,1.1
FNF,2006-10-25,2.07
FNF,2014-07-01,1.216
FNF,2017-10-02,1.385
FNF,2022-12-01,1.04
FNV,1997-10-02,2.0
FRME,1993-01-26,1.5
FRME,1995-10-30,1.5
FRME,1998-10-26,1.5
FRME,2001-08-29,1.05
FRME,2002-08-28,1.05
FRME,2003-08-27,1.05
FRT,1982-09-01,2.0
FRT,1985-11-06,1.5
FUL,1977-04-29,2.0
FUL,1984-06-18,2.0
FUL,1992-06-02,1.5
FUL,2001-11-19,2.0
FUL,2006-08-07,2.0
G,1986-05-27,2.0
G,1987-05-26,2.0
G,1991-05-23,2.0
G,1995-06-23,2.0
G,1998-06-08,2.0
GATX,1983-02-15,1.2
GATX,1990-06-04,2.0
GATX,1998-06-02,2.0
GD,1979-02-20,2.5
GD,1980-11-17,2.0
GD,1993-03-30,1.157
GD,1993-06-15,1.214
GD,1994-04-11,2.0
GD,1998-04-03,2.0
GD,2006-03-27,2.0
GFF,1981-08-11,0.1
GFF,2001-08-16,1.1
GFF,2008-09-03,1.138
GGG,1981-11-13,1.5
GGG,1983-09-29,1.5
GGG,1988-08-04,1.5
GGG,1994-02-03,1.5
GGG,1996-02-08,1.5
GGG,1998-02-05,1.5
GGG,2001-02-07,1.5
GGG,2002-06-07,1.5
GGG,2004-03-31,1.5
GGG,2017-12-28,3.0
GHC,1976-12-20,2.0
GHC,1979-01-08,2.0
GHC,2015-07-01,1.655
GILD,2001-02-22,2.0
GILD,2002-03-08,2.0
GILD,2004-09-07,2.0
GILD,2007-06-25,2.0
GILD,2013-01-28,2.0
GL,1984-05-30,2.0
GL,1985-09-17,2.0
GL,1992-08-20,1.5
GL,1997-08-04,2.0
GL,2011-07-05,1.5
GL,2013-05-03,0.833
GL,2013-05-15,0.1
GL,2014-07-02,1.5
GLW,1973-02-26,2.5
GLW,1985-02-13,2.0
GLW,1989-02-15,2.0
GLW,1992-02-11,2.0
GLW,2000-10-04,3.0
GPC,1979-04-03,1.5
GPC,1984-04-10,1.5
GPC,1987-05-28,1.5
GPC,1992-04-20,1.5
GPC,1997-04-15,1.5
GRMN,2006-08-16,2.0
GTY,1976-09-27,1.05
GTY,1977-04-01,1.05
GTY,1978-01-06,1.05
GTY,1978-06-30,1.05
GTY,1979-01-08,1.05
GTY,1979-07-02,1.5
GTY,1980-04-01,1.5
GTY,1980-10-02,1.05
GTY,1981-04-01,1.05
GTY,1981-10-02,1.05
GTY,1982-04-01,1.05
GTY,1982-10-04,1.05
GTY,1982-10-05,1.05
GTY,1983-04-04,1.05
GTY,1983-04-05,1.05
GTY,1983-10-03,1.05
GTY,1984-04-02,1.05
GTY,1984-09-27,1.05
GTY,1985-04-25,1.333
GTY,1985-09-26,1.05
GTY,1985-09-27,1.05
GTY,1986-04-22,1.333
GTY,1986-09-29,1.05
GTY,1987-04-06,1.05
GTY,1988-09-28,1.05
GTY,1989-04-10,1.05
GTY,1989-09-27,1.05
GTY,1990-04-06,1.05
GTY,1997-04-01,1.323
GWW,1985-06-10,2.0
GWW,1991-06-10,2.0
GWW,1998-06-15,2.0
HD,1982-01-20,1.5
HD,1982-05-11,1.25
HD,1982-12-08,2.0
HD,1983-06-09,2.0
HD,1987-09-22,1.5
HD,1989-07-03,1.5
HD,1990-07-06,1.5
HD,1991-06-26,1.5
HD,1992-07-02,1.5
HD,1993-04-14,1.333
HD,1997-07-07,1.5
HD,1998-07-06,2.0
HD,1999-12-31,1.5
HEI,1989-02-01,1.5
HEI,1995-07-05,1.1
HEI,1996-01-11,1.1
HEI,1996-04-25,1.5
HEI,1996-07-10,1.1
HEI,1997-01-06,1.1
HEI,1997-12-17,1.5
HEI,1998-04-24,1.5
HEI,2000-07-06,1.1
HEI,2001-08-08,1.1
HEI,2004-01-02,1.1
HEI,2010-04-27,1.25
HEI,2011-04-26,1.25
HEI,2012-04-25,1.25
HEI,2013-10-23,1.25
HEI,2017-04-19,1.25
HEI,2018-01-18,1.25
HEI,2018-06-28,1.25
HI,1989-04-18,1.25
HI,1993-10-18,2.0
HI,1998-06-02,3.0
HIG,1998-07-16,2.0
HII,2000-01-20,0.1
HMN,1997-12-16,2.0
HNI,1987-06-29,2.0
HNI,1990-07-03,2.0
HNI,1998-03-30,2.0
HOMB,2008-08-11,1.08
HOMB,2010-05-12,1.1
HOMB,2013-06-13,2.0
HOMB,2016-05-16,2.0
HOMB,2016-06-09,2.0
HON,1965-02-04,1.02
HON,1966-02-03,1.02
HON,1967-02-03,1.02
HON,1984-05-30,1.5
HON,1994-03-15,2.0
HON,1997-09-16,2.0
HON,2016-10-03,1.005
HON,2018-10-01,1.011
HON,2018-10-29,1.032
HPQ,1970-03-20,2.0
HPQ,1979-07-31,2.0
HPQ,1981-07-20,2.0
HPQ,1983-08-26,2.0
HPQ,1995-04-17,2.0
HPQ,1996-07-16,2.0
HPQ,2000-10-30,2.0
HPQ,2015-11-02,2.202
HRB,1985-10-02,2.0
HRB,1987-10-02,2.0
HRB,1991-10-02,2.0
HRB,2001-08-02,2.0
HRB,2005-08-23,2.0
HRL,1980-02-21,2.0
HRL,1985-09-04,2.0
HRL,1987-06-02,2.0
HRL,1990-02-21,2.0
HRL,2000-02-16,2.0
HRL,2011-02-15,2.0
HRL,2016-02-10,2.0
HSY,1983-09-16,2.0
HSY,1986-09-16,3.0
HSY,1996-09-16,2.0
HSY,2004-06-16,2.0
HTLF,2003-12-30,1.5
HUBB,1977-08-08,1.333
HUBB,1980-02-11,2.0
HUBB,1981-02-11,2.0
HUBB,1985-08-12,2.0
HUBB,1989-01-09,1.05
HUBB,1990-01-08,1.05
HUBB,1991-01-07,1.05
HUBB,1992-01-06,1.05
HUBB,1995-01-09,1.05
HUBB,1996-08-12,2.0
HUM,1982-02-01,1.5
HUM,1983-02-01,1.333
HUM,1984-02-01,1.2
HUM,1991-08-01,1.5
HWKN,1981-03-04,1.15
HWKN,1982-03-15,1.15
HWKN,1983-03-14,1.15
HWKN,1984-03-12,1.1
HWKN,1985-03-29,1.1
HWKN,1986-02-24,1.1
HWKN,1987-04-06,1.1
HWKN,1988-04-04,1.1
HWKN,1989-04-24,2.0
HWKN,1990-03-26,1.05
HWKN,1991-03-22,1.05
HWKN,1992-03-23,1.05
HWKN,1993-03-22,1.05
HWKN,1994-03-21,1.05
HWKN,2021-03-02,2.0
IBM,1964-05-18,1.25
IBM,1966-05-18,1.5
IBM,1968-04-23,2.0
IBM,1973-05-29,1.25
IBM,1979-06-01,4.0
IBM,1997-05-28,2.0
IBM,1999-05-27,2.0
IBOC,1996-06-10,1.25
IBOC,1997-06-10,1.25
IBOC,1998-06-15,1.25
IBOC,1999-06-14,1.25
IBOC,2000-06-13,1.25
IBOC,2001-06-18,1.25
IBOC,2002-06-17,1.25
IBOC,2003-06-17,1.25
IBOC,2004-06-01,1.25
IBOC,2005-06-01,1.25
IBOC,2007-05-17,1.1
ICE,2016-11-04,5.0
IDA,1985-06-07,2.0
IEX,1995-02-01,1.5
IEX,1997-02-03,1.5
IEX,2004-06-01,1.5
IEX,2007-05-22,1.5
INDB,1987-10-01,1.5
INGR,2005-01-26,2.0
INTU,1995-08-22,2.0
INTU,1999-10-01,3.0
INTU,2006-07-07,2.0
IOSP,2007-07-23,2.0
IPG,1977-10-26,1.5
IPG,1979-08-14,1.2
IPG,1984-02-15,2.0
IPG,1986-06-24,2.0
IPG,1989-06-16,1.5
IPG,1992-06-16,2.0
IPG,1997-07-16,1.5
IPG,1999-07-16,2.0
ITT,2006-02-22,2.0
ITT,2011-11-01,3.016
ITW,1984-05-23,2.0
ITW,1987-05-27,2.0
ITW,1993-06-21,2.0
ITW,1997-05-28,2.0
ITW,2006-05-26,2.0
JBHT,1986-07-08,2.0
JBHT,1992-03-16,1.5
JBHT,2003-09-02,2.0
JBHT,2005-05-24,2.0
JEF,1983-04-07,2.0
JEF,1985-02-15,1.5
JEF,1987-01-07,2.0
JEF,1993-01-11,2.0
JEF,1995-11-16,2.0
JEF,1996-04-01,2.0
JEF,1997-12-16,2.0
JEF,2003-08-18,2.0
JEF,2005-01-03,1.5
JEF,2006-05-16,2.0
JEF,2006-06-15,2.0
JEF,2013-02-26,1.027
JEF,2019-09-27,1.068
JEF,2023-01-17,1.046
JJSF,1986-06-06,1.5
JJSF,1989-08-15,2.0
JJSF,2006-01-06,2.0
JKHY,1992-03-04,1.5
JKHY,1993-03-09,1.5
JKHY,1994-03-11,1.333
JKHY,1997-03-14,1.5
JKHY,2000-03-03,2.0
JKHY,2001-03-05,2.0
JNJ,1967-06-19,3.0
JNJ,1970-05-18,3.0
JNJ,1981-05-19,3.0
JNJ,1989-05-11,2.0
JNJ,1992-06-10,2.0
JNJ,1996-06-12,2.0
JNJ,2001-06-13,2.0
JPM,1973-04-24,2.0
JPM,1982-04-16,1.5
JPM,1984-04-16,1.5
JPM,1985-01-16,2.0
JPM,1987-01-16,2.0
JPM,1998-06-15,2.0
JPM,2000-06-12,1.5
KAI,1995-09-18,1.5
KAI,1996-06-27,1.5
KAI,2001-07-12,0.2
KEY,1978-08-16,2.0
KEY,1987-02-25,2.0
KEY,1992-04-15,1.5
KEY,1993-03-23,2.0
KEY,1994-03-02,1.205
KEY,1998-03-09,2.0
KFRC,1996-05-23,2.0
KFRC,1997-10-20,2.0
KLAC,1983-01-10,2.0
KLAC,1983-12-09,2.0
KLAC,1984-12-17,1.5
KLAC,1995-10-02,2.0
KLAC,2000-01-19,2.0
KMB,1984-05-25,2.0
KMB,1987-05-26,2.0
KMB,1992-01-03,2.0
KMB,1997-04-03,2.0
KMB,2014-11-03,1.043
KMI,1993-10-05,1.5
KMI,1999-01-04,1.5
KMI,2015-01-20,10.0
KO,1965-02-19,2.0
KO,1965-05-19,2.0
KO,1968-06-03,2.0
KO,1977-06-01,2.0
KO,1986-07-01,3.0
KO,1990-05-14,2.0
KO,1992-05-12,2.0
KO,1996-05-13,2.0
KO,2012-08-13,2.0
KR,1979-05-29,2.0
KR,1986-10-01,2.0
KR,1997-04-23,2.0
KR,1999-06-29,2.0
KR,2015-07-14,2.0
KRC,2013-02-22,0.714
KWR,1976-07-02,2.0
KWR,1980-01-29,2.0
KWR,1985-01-31,2.0
KWR,1990-07-31,1.5
LANC,1978-01-11,1.5
LANC,1983-01-05,1.5
LANC,1986-07-29,1.25
LANC,1987-12-28,1.1
LANC,1992-05-01,1.5
LANC,1993-04-16,1.333
LANC,1994-07-21,1.333
LANC,1998-01-28,1.5
LCII,1989-05-03,0.1
LCII,1997-03-24,2.0
LCII,2005-09-08,2.0
LECO,1998-06-16,2.0
LECO,2011-06-01,2.0
LEG,1983-08-29,2.0
LEG,1986-03-17,1.5
LEG,1992-06-16,2.0
LEG,1995-09-18,2.0
LEG,1998-06-16,2.0
LFUS,1997-06-11,2.0
LHX,1997-09-29,2.0
LHX,2005-03-31,2.0
LHX,2009-05-11,1.058
LIN,1998-05-08,2.0
LIN,2003-12-16,2.0
LKFN,1998-05-18,2.0
LKFN,2006-05-01,2.0
LKFN,2016-08-08,1.5
LLY,1986-01-30,2.0
LLY,1989-05-01,2.0
LLY,1995-12-21,2.0
LLY,1997-10-16,2.0
LMT,1963-08-05,1.333
LMT,1983-09-09,3.0
LMT,1995-03-16,1.63
LMT,1999-01-04,2.0
LNN,1990-05-16,1.5
LNN,1991-09-17,1.5
LNN,1996-02-23,1.5
LNN,1997-03-11,1.5
LNN,1998-06-16,1.5
LNT,1988-09-26,2.0
LNT,2016-05-20,2.0
LOGI,2000-07-05,2.0
LOGI,2001-08-02,10.0
LOGI,2005-07-01,2.0
LOGI,2006-07-17,2.0
LOW,1972-07-25,1.333
LOW,1976-06-02,1.5
LOW,1981-11-02,1.5
LOW,1983-04-29,1.667
LOW,1992-06-29,2.0
LOW,1994-04-04,2.0
LOW,1998-06-29,2.0
LOW,2001-07-02,2.0
LOW,2006-07-03,2.0
LPX,1981-02-10,1.03
LPX,1982-02-10,1.03
LPX,1983-02-14,1.03
LPX,1984-02-10,1.03
LPX,1985-02-08,1.03
LPX,1986-02-10,1.03
LPX,1987-02-09,1.03
LPX,1992-06-08,1.5
LPX,1993-06-09,2.0
LRCX,1993-09-16,1.5
LRCX,2000-03-17,3.0
LRCX,2024-10-03,10.0
LSTR,2002-08-13,2.0
LSTR,2003-11-14,2.0
LSTR,2005-01-10,2.0
MA,2014-01-22,10.0
MAS,1982-12-30,2.0
MAS,1984-07-03,1.05
MAS,1986-05-20,2.0
MAS,1998-07-13,2.0
MAS,2015-07-01,1.138
MATX,1984-03-12,2.0
MATX,1986-06-06,1.5
MATX,1988-06-03,2.0
MATX,2012-07-02,2.086
MBIN,2022-01-18,1.5
MCD,1971-06-14,1.5
MCD,1972-06-06,2.0
MCD,1982-10-07,1.5
MCD,1984-09-25,1.5
MCD,1986-06-26,1.5
MCD,1987-06-23,1.5
MCD,1989-06-19,2.0
MCD,1994-06-27,2.0
MCD,1999-03-08,2.0
MCHP,1993-09-14,2.0
MCHP,1994-04-05,1.5
MCHP,1994-11-09,1.5
MCHP,1997-01-07,1.5
MCHP,2000-02-08,1.5
MCHP,2000-09-27,1.5
MCHP,2002-05-09,1.5
MCHP,2021-10-13,2.0
MCK,1998-01-05,2.0
MCO,2005-05-19,2.0
MDT,1980-08-01,2.0
MDT,1989-08-31,2.0
MDT,1991-08-30,2.0
MDT,1994-09-30,2.0
MDT,1995-09-29,2.0
MDT,1997-09-15,2.0
MDT,1999-09-27,2.0
MET,2017-08-07,1.122
MGA,2010-11-26,2.0
MGA,2015-03-26,2.0
MGEE,1992-01-22,1.5
MGEE,1996-02-21,1.5
MGEE,2014-02-10,1.5
MGRC,1991-04-22,2.0
MGRC,1997-04-28,2.0
MGRC,2005-03-28,2.0
MKC,1977-03-22,2.0
MKC,1988-04-28,2.0
MKC,1990-01-22,2.0
MKC,1992-01-21,2.0
MKC,2002-04-09,2.0
MKC,2020-12-01,2.0
MMC,1980-11-12,2.0
MMC,1986-05-15,2.0
MMC,1997-06-30,2.0
MMC,1998-06-29,1.5
MMC,2002-07-01,2.0
MMM,1972-06-16,2.0
MMM,1987-06-16,2.0
MMM,1994-04-11,2.0
MMM,2003-09-30,2.0
MO,1966-05-19,3.0
MO,1969-05-22,2.0
MO,1974-06-03,2.0
MO,1979-06-01,2.0
MO,1986-04-11,2.0
MO,1989-10-11,4.0
MO,1997-04-11,3.0
MPWR,2000-08-29,1.5
MRK,1964-05-27,3.0
MRK,1972-06-01,2.0
MRK,1986-05-27,2.0
MRK,1988-05-26,3.0
MRK,1992-05-26,3.0
MRK,1999-02-17,2.0
MRK,2021-06-03,1.048
MS,1989-02-28,1.5
MS,1991-08-28,2.0
MS,1997-01-15,2.0
MS,2000-01-27,2.0
MS,2004-01-14,0.333
MSA,1977-04-26,2.0
MSA,1980-05-16,2.0
MSA,1985-09-11,2.0
MSA,2000-05-25,3.0
MSA,2004-01-29,3.0
MSEX,1985-01-02,2.0
MSEX,1992-10-02,2.0
MSEX,2002-01-03,1.5
MSEX,2003-11-17,1.333
MSFT,1987-09-21,2.0
MSFT,1990-04-16,2.0
MSFT,1991-06-27,1.5
MSFT,1992-06-15,1.5
MSFT,1994-05-23,2.0
MSFT,1996-12-09,2.0
MSFT,1998-02-23,2.0
MSFT,1999-03-29,2.0
MSFT,2003-02-18,2.0
MSI,1965-05-26,1.5
MSI,1970-05-26,2.0
MSI,1973-06-04,2.0
MSI,1984-06-04,3.0
MSI,1993-01-19,2.0
MSI,1994-04-19,2.0
MSI,2000-06-02,3.0
MSI,2004-12-03,1.117
MSI,2011-01-04,0.247
MTB,1987-09-25,2.0
MTB,2000-10-06,10.0
MTRN,1977-03-29,1.25
MTRN,1979-10-01,2.0
MTRN,1983-01-21,1.5
MTRN,1984-06-25,2.0
NBTB,1992-11-24,1.05
NBTB,1993-11-24,1.05
NBTB,1994-11-25,1.05
NBTB,1995-11-29,1.05
NBTB,1996-11-26,1.05
NBTB,1997-11-26,1.05
NBTB,1998-06-16,1.333
NBTB,1998-11-27,1.05
NBTB,1999-11-29,1.05
NDAQ,2022-08-29,3.0
NDSN,1984-01-04,1.5
NDSN,1987-05-01,1.5
NDSN,1991-09-25,2.0
NDSN,2000-09-13,2.0
NDSN,2011-04-13,2.0
NEE,1985-01-31,2.0
NEE,2005-03-16,2.0
NEE,2020-10-27,4.0
NEU,1978-01-03,2.0
NEU,1983-04-12,2.0
NEU,1985-04-02,2.0
NEU,1986-06-02,2.0
NEU,1993-07-01,1.5
NEU,1994-03-11,2.0
NEU,2001-08-17,1.5
NEU,2002-07-01,0.2
NFG,1984-05-21,2.0
NFG,1984-05-25,1.1
NFG,1987-06-17,2.0
NFG,2001-09-10,2.0
NI,1998-02-23,2.0
NI,2015-07-02,2.545
NJR,1980-10-30,1.03
NJR,1987-03-03,2.0
NJR,2002-03-04,1.5
NJR,2008-03-04,1.5
NJR,2015-03-04,2.0
NKE,1983-01-06,2.0
NKE,1990-10-08,2.0
NKE,1990-10-09,2.0
NKE,1995-10-31,2.0
NKE,1996-10-24,2.0
NKE,2007-04-03,2.0
NKE,2012-12-26,2.0
NKE,2015-12-24,2.0
NOC,1975-12-22,1.499
NOC,1977-06-20,2.0
NOC,1984-09-11,3.0
NOC,2004-06-22,2.0
NOC,2011-03-31,1.107
NSC,1987-04-07,3.0
NSC,1997-10-10,3.0
NSP,1986-06-16,2.0
NSP,1998-06-02,2.0
NSP,2000-10-17,2.0
NSP,2007-04-19,2.0
NSP,2017-12-01,2.0
NSP,2017-12-19,2.0
NTR,2011-02-25,0.333
NTR,2018-01-02,0.0
NUE,1977-06-20,1.4
NUE,1978-09-18,1.4
NUE,1979-06-19,1.5
NUE,1983-09-21,2.0
NUE,1986-06-18,1.5
NUE,1992-06-22,2.0
NUE,1993-09-20,2.0
NUE,2004-10-18,2.0
NUE,2006-06-01,2.0
NWN,1996-09-09,1.5
NYT,1983-12-22,3.0
NYT,1986-10-06,2.0
NYT,1998-07-02,2.0
O,2005-01-03,2.0
O,2021-11-15,1.032
ODFL,2003-06-17,1.5
ODFL,2004-05-21,1.5
ODFL,2005-12-01,1.5
ODFL,2010-08-24,1.5
ODFL,2012-09-10,1.5
ODFL,2020-03-25,1.5
ODFL,2024-03-28,2.0
OGE,1998-06-16,2.0
OGE,2013-07-02,2.0
ORCL,1987-03-25,2.0
ORCL,1987-12-21,2.0
ORCL,1989-07-03,2.0
ORCL,1993-11-09,2.0
ORCL,1995-02-23,1.5
ORCL,1996-04-17,1.5
ORCL,1997-08-18,1.5
ORCL,1999-03-01,1.5
ORCL,2000-01-19,2.0
ORCL,2000-10-13,2.0
ORI,1982-03-30,1.05
ORI,1983-03-28,1.05
ORI,1984-04-02,1.05
ORI,1985-05-16,1.25
ORI,1987-08-31,1.1
ORI,1988-03-31,1.05
ORI,1989-02-13,1.05
ORI,1990-04-30,1.05
ORI,1991-04-02,1.1
ORI,1992-05-01,2.0
ORI,1996-05-01,1.5
ORI,1998-05-05,1.5
ORI,2003-12-31,1.5
ORI,2006-01-03,1.25
OSK,1999-08-20,1.5
OSK,2003-08-14,2.0
OSK,2005-08-29,2.0
OTEX,2003-10-29,2.0
OTEX,2014-02-19,2.0
OTEX,2017-01-25,2.0
OTTR,1988-06-16,2.0
OTTR,2000-03-16,2.0
OZK,2002-06-18,2.0
OZK,2003-12-11,2.0
OZK,2011-08-17,2.0
OZK,2014-06-24,2.0
PAYX,1986-06-13,1.5
PAYX,1987-11-16,1.5
PAYX,1992-05-21,1.5
PAYX,1993-08-27,1.5
PAYX,1995-05-26,1.5
PAYX,1996-05-24,1.5
PAYX,1997-05-30,1.5
PAYX,1998-05-26,1.5
PAYX,1999-05-24,1.5
PAYX,2000-05-23,1.5
PB,1997-04-01,2.0
PB,2002-06-03,2.0
PEBO,1993-03-26,1.1
PEBO,1994-05-02,2.0
PEBO,1995-10-05,1.1
PEBO,1996-07-11,1.1
PEBO,1998-05-01,1.5
PEBO,1999-05-26,1.1
PEBO,2000-02-17,1.1
PEBO,2001-08-22,1.1
PEBO,2002-06-11,1.1
PEBO,2003-08-27,1.05
PEBO,2013-07-15,1.1
PEG,1987-07-27,1.5
PEG,2008-02-05,2.0
PEP,1977-05-31,3.0
PEP,1986-05-29,3.0
PEP,1990-09-05,3.0
PEP,1996-05-29,2.0
PFE,1983-07-01,2.0
PFE,1991-04-01,2.0
PFE,1995-07-03,2.0
PFE,1997-07-01,2.0
PFE,1999-07-01,3.0
PG,1970-05-19,2.0
PG,1983-02-22,2.0
PG,1989-11-20,2.0
PG,1992-06-15,2.0
PG,1997-09-22,2.0
PG,2004-06-21,2.0
PH,1977-05-16,1.5
PH,1981-09-08,1.5
PH,1986-06-09,1.5
PH,1995-06-02,1.5
PH,1997-09-08,1.5
PH,2007-10-02,1.5
PHM,1979-01-03,1.5
PHM,1980-09-08,2.0
PHM,1982-12-16,2.0
PHM,1983-05-31,2.0
PHM,1998-06-02,2.0
PHM,2004-01-05,2.0
PHM,2005-09-02,2.0
PII,1993-08-19,2.0
PII,1995-10-18,1.5
PII,2004-03-09,2.0
PII,2011-09-13,2.0
PNC,1982-05-21,2.0
PNC,1985-07-02,2.0
PNC,1992-11-16,2.0
PNM,2004-06-14,1.5
PNW,2011-04-28,10.0
POOL,1997-09-30,1.5
POOL,1998-07-27,1.5
POOL,2000-06-20,1.5
POOL,2001-09-10,1.5
POOL,2003-09-15,1.5
POOL,2004-09-13,1.5
POWI,1999-11-23,2.0
POWI,2020-08-19,2.0
PPG,1977-07-25,1.5
PPG,1983-09-13,2.0
PPG,1987-03-13,2.0
PPG,1994-06-13,2.0
PPG,2015-06-15,2.0
PRGO,1993-08-26,2.0
QCOM,1994-02-24,2.0
QCOM,1999-05-11,2.0
QCOM,1999-12-31,4.0
QCOM,2004-08-16,2.0
R,1980-05-23,1.03
R,1981-05-22,1.03
R,1982-05-24,1.03
R,1983-05-23,1.03
R,1984-05-24,1.03
R,1985-03-20,2.0
R,1986-06-02,1.5
RBA,2004-05-07,2.0
RBA,2008-04-28,3.0
RF,1976-06-18,1.049
RF,1976-07-20,1.05
RF,1977-12-14,1.05
RF,1978-01-20,1.05
RF,1979-06-13,1.1
RF,1979-08-01,1.1
RF,1984-06-04,2.0
RF,1986-06-02,2.0
RF,1993-03-01,1.1
RF,1997-06-16,2.0
RF,2004-07-01,1.235
RGA,1997-09-02,1.5
RGA,1999-03-01,1.5
RHI,1983-08-16,2.0
RHI,1984-05-22,2.0
RHI,1987-07-06,2.0
RHI,1988-03-18,1.5
RHI,1994-08-29,2.0
RHI,1996-06-10,2.0
RHI,1997-09-29,1.5
RHI,2000-06-13,2.0
RJF,1985-12-30,1.1
RJF,1987-03-03,1.1
RJF,1991-04-22,1.5
RJF,1992-02-04,1.5
RJF,1993-11-16,1.5
RJF,1997-04-04,1.5
RJF,1998-04-03,1.5
RJF,2004-03-25,1.5
RJF,2006-03-23,1.5
RJF,2021-09-22,1.5
RLI,1977-05-09,1.2
RLI,1978-06-09,1.2
RLI,1979-09-10,1.1
RLI,1981-01-19,1.25
RLI,1985-07-16,1.667
RLI,1986-07-16,1.5
RLI,1995-06-22,1.25
RLI,1998-06-22,1.25
RLI,2002-10-16,2.0
RLI,2014-01-16,2.0
RLI,2025-01-16,2.0
RMD,1998-11-17,2.0
RMD,2000-04-03,2.0
RMD,2005-10-03,2.0
RMD,2010-08-31,2.0
RNR,2002-05-31,3.0
ROK,1980-06-16,2.0
ROK,1983-06-20,2.0
ROK,1987-04-14,2.0
ROP,1993-09-21,2.0
ROP,1997-08-04,2.0
ROP,2005-08-29,2.0
RPM,1983-11-09,1.25
RPM,1984-12-03,1.25
RPM,1987-11-09,1.5
RPM,1990-12-10,1.25
RPM,1992-12-07,1.5
RPM,1995-12-11,1.25
RPM,1997-12-09,1.25
RRX,1976-06-16,1.499
RRX,1980-05-01,1.25
RRX,1983-12-01,1.5
RRX,1985-03-25,1.05
RRX,1987-06-01,1.5
RRX,1988-05-17,1.5
RRX,1994-08-15,2.0
RS,1997-06-30,1.5
RS,1999-09-27,1.5
RS,2006-07-20,2.0
RSG,2007-03-19,1.5
RUSHA,2007-10-11,1.5
RUSHA,2020-10-13,1.5
RUSHA,2023-08-29,1.5
SBUX,1993-09-30,2.0
SBUX,1995-12-04,2.0
SBUX,1999-03-22,2.0
SBUX,2001-04-30,2.0
SBUX,2005-10-24,2.0
SBUX,2015-04-09,2.0
SCI,1981-06-12,1.333
SCI,1983-01-21,1.5
SCI,1984-10-31,1.5
SCI,1985-11-01,1.5
SCI,1987-02-02,1.5
SCI,1992-07-01,1.5
SCI,1996-09-03,2.0
SCI,1997-08-25,2.0
SCI,2000-02-22,2.0
SCL,1972-10-02,2.0
SCL,1982-01-04,2.0
SCL,1989-01-03,2.0
SCL,1994-12-16,2.0
SCL,2012-12-17,2.0
SEIC,1983-02-23,2.0
SEIC,1987-06-23,2.0
SEIC,1993-07-07,2.0
SEIC,2000-06-20,3.0
SEIC,2001-03-01,2.0
SEIC,2007-06-22,2.0
SF,1992-10-06,1.05
SF,1993-10-08,1.05
SF,1995-02-06,1.05
SF,1996-02-02,1.05
SF,1997-01-31,1.05
SF,1998-02-10,1.05
SF,1999-02-09,1.05
SF,2004-09-16,1.333
SF,2008-06-13,1.5
SF,2011-04-06,1.5
SF,2020-12-17,1.5
SFBS,2014-07-17,3.0
SFBS,2016-12-21,2.0
SFNC,1985-05-02,2.0
SFNC,1992-06-08,2.0
SFNC,1996-12-09,1.5
SFNC,2003-05-02,2.0
SFNC,2018-02-09,2.0
SHW,1981-03-31,2.0
SHW,1983-03-31,2.0
SHW,1986-04-01,2.0
SHW,1991-04-01,2.0
SHW,1997-03-31,2.0
SHW,2021-04-01,3.0
SIGI,1981-04-02,1.5
SIGI,1983-09-02,2.0
SIGI,1989-09-05,1.5
SIGI,1997-12-02,2.0
SIGI,2007-02-21,2.0
SIRI,2011-05-03,0.857
SIRI,2011-10-10,0.25
SIRI,2024-09-10,0.1
SJM,1983-05-24,2.0
SJM,1985-12-03,2.0
SJM,1990-05-31,2.0
SJM,1991-10-01,2.0
SJW,1977-04-06,2.0
SJW,1985-07-24,2.0
SJW,2004-03-02,3.0
SJW,2006-03-17,2.0
SLGN,2005-09-16,2.0
SLGN,2010-05-04,2.0
SLGN,2017-05-30,2.0
SNA,1979-05-14,2.0
SNA,1986-07-28,2.0
SNA,1996-09-11,1.5
SO,1994-03-01,2.0
SO,2001-04-03,1.637
SON,1977-03-30,1.099
SON,1979-02-09,1.1
SON,1981-04-16,2.0
SON,1985-06-11,2.0
SON,1987-06-11,2.0
SON,1993-06-11,2.0
SON,1995-05-15,1.05
SON,1998-05-13,1.1
SPGI,1983-06-02,2.0
SPGI,1996-04-29,2.0
SPGI,1999-03-09,2.0
SPGI,2005-05-18,2.0
SR,1984-03-08,2.0
SR,1994-03-08,2.0
SR,2013-05-10,0.2
SRE,1992-05-28,2.0
SRE,1998-06-29,1.503
SRE,2023-08-22,2.0
SSB,1997-06-02,2.0
SSB,1998-10-29,1.1
SSB,2002-11-20,1.1
SSB,2004-12-20,1.05
SSB,2007-03-07,1.05
SSD,2002-08-19,2.0
SSD,2004-11-19,2.0
SSNC,2004-03-08,1.5
SSNC,2016-06-03,2.0
SSNC,2016-06-27,2.0
STBA,1992-06-15,2.0
STBA,1994-09-16,2.0
STBA,1998-11-02,2.0
STE,1995-08-25,2.0
STE,1998-08-25,2.0
STLD,2006-11-21,2.0
STLD,2008-03-31,2.0
STT,1982-05-20,2.0
STT,1983-05-19,2.0
STT,1985-08-16,2.0
STT,1986-08-06,2.0
STT,1992-05-14,2.0
STT,1997-05-29,2.0
STT,2001-05-31,2.0
STZ,1991-11-12,1.5
STZ,1992-07-21,1.5
STZ,2001-05-15,2.0
STZ,2002-05-14,2.0
STZ,2005-05-16,2.0
SUI,2006-05-10,5.0
SWK,1978-10-03,1.5
SWK,1980-05-21,2.0
SWK,1986-09-29,1.5
SWK,1986-09-30,1.5
SWK,1996-06-04,2.0
SWKS,1999-02-19,1.5
SWKS,2000-04-20,2.0
SXI,1978-11-27,2.0
SXI,1981-11-23,1.2
SXI,1982-12-06,1.083
SXI,1983-11-28,2.0
SXI,1993-05-26,2.0
SYBT,1993-10-08,1.1
SYBT,1994-10-03,1.1
SYBT,1996-09-18,2.0
SYBT,1999-03-01,2.0
SYBT,2003-09-22,2.0
SYBT,2006-05-08,1.05
SYBT,2016-05-31,1.5
SYK,1980-11-12,1.5
SYK,1982-11-15,1.5
SYK,1985-09-17,1.5
SYK,1987-06-12,2.0
SYK,1989-06-20,1.5
SYK,1991-06-14,2.0
SYK,1996-06-11,2.0
SYK,2000-05-15,2.0
SYK,2004-05-17,2.0
SYY,1973-01-15,1.25
SYY,1979-06-22,1.5
SYY,1980-12-23,1.5
SYY,1982-06-28,2.0
SYY,1986-03-31,2.0
SYY,1989-10-18,2.0
SYY,1992-06-22,2.0
SYY,1998-03-23,2.0
SYY,2000-12-18,2.0
TCBK,1993-06-24,1.12
TCBK,1995-10-16,1.25
TCBK,1998-11-02,1.5
TCBK,2004-05-03,2.0
TDS,1988-03-18,1.5
TDS,1988-12-19,1.5
TDS,2005-05-16,1.951
TDS,2012-01-25,1.087
TGT,1981-12-01,2.0
TGT,1983-07-25,2.0
TGT,1996-07-18,3.0
TGT,1998-05-01,2.0
TGT,2000-07-20,2.0
THO,1986-04-01,1.5
THO,1992-05-12,1.5
THO,1998-04-07,1.5
THO,2002-07-09,2.0
THO,2004-01-27,2.0
TKR,1988-09-01,2.0
TKR,1997-06-02,2.0
TKR,2014-07-01,1.397
TMO,1973-11-19,2.0
TMO,1979-07-10,1.5
TMO,1984-01-04,1.5
TMO,1985-09-17,1.5
TMO,1986-11-03,1.5
TMO,1993-10-29,1.5
TMO,1995-05-25,1.5
TMO,1996-06-06,1.5
TNC,1981-03-16,2.0
TNC,1995-04-27,2.0
TNC,2006-07-26,2.0
TOWN,2002-02-26,2.0
TOWN,2004-06-18,1.5
TOWN,2005-08-24,1.03
TOWN,2012-05-23,1.03
TPL,2007-07-13,5.0
TPL,2024-03-27,3.0
TR,1981-03-13,1.03
TR,1982-03-15,1.03
TR,1983-03-15,1.03
TR,1984-03-15,1.03
TR,1985-03-15,1.03
TR,1986-03-17,1.03
TR,1986-07-11,1.5
TR,1987-03-16,1.03
TR,1987-05-29,2.0
TR,1988-03-11,1.03
TR,1989-03-10,1.03
TR,1990-03-09,1.03
TR,1991-03-12,1.03
TR,1992-03-12,1.03
TR,1993-03-12,1.03
TR,1995-07-12,2.0
TR,1997-03-07,1.03
TR,1998-03-06,1.03
TR,1998-07-14,2.0
TR,1999-03-05,1.03
TR,2000-03-03,1.03
TR,2001-03-02,1.03
TR,2002-03-01,1.03
TR,2003-02-28,1.03
TR,2004-02-27,1.03
TR,2005-03-09,1.03
TR,2006-03-08,1.03
TR,2007-03-07,1.03
TR,2008-03-06,1.03
TR,2009-03-06,1.03
TR,2013-03-01,1.03
TR,2014-02-28,1.03
TR,2015-03-06,1.03
TR,2016-03-04,1.03
TR,2017-03-03,1.03
TR,2018-03-05,1.03
TR,2020-03-02,1.03
TR,2021-03-04,1.03
TR,2022-03-04,1.03
TR,2023-03-03,1.03
TR,2024-03-05,1.03
TRI,2023-06-23,0.963
TRN,1976-04-30,2.0
TRN,1979-11-01,2.0
TRN,1980-10-31,2.0
TRN,1993-09-01,1.5
TRN,1997-04-01,1.222
TRN,2006-06-12,1.5
TRN,2014-06-20,2.0
TRN,2018-11-01,1.389
TROW,1990-01-02,2.0
TROW,1993-12-01,2.0
TROW,1996-05-01,2.0
TROW,1998-05-01,2.0
TROW,2006-06-26,2.0
TRV,1986-06-09,2.0
TRV,1994-06-07,2.0
TRV,1998-05-12,2.0
TSCO,2002-08-20,2.0
TSCO,2003-08-22,2.0
TSCO,2010-09-03,2.0
TSCO,2013-09-27,2.0
TSN,1978-10-26,4.0
TSN,1983-04-18,2.0
TSN,1985-04-16,2.0
TSN,1986-04-16,2.0
TSN,1987-04-16,1.5
TSN,1991-04-16,2.0
TSN,1997-02-18,1.5
TTC,1987-06-11,1.5
TTC,2003-04-15,2.0
TTC,2005-04-13,2.0
TTC,2012-07-02,2.0
TTC,2016-09-19,2.0
TTEK,1992-12-15,1.25
TTEK,1993-11-15,1.25
TTEK,1994-09-19,1.25
TTEK,1995-06-26,1.25
TTEK,1996-06-24,1.25
TTEK,1997-12-02,1.25
TTEK,1998-09-16,1.25
TTEK,1999-06-16,1.25
TTEK,2001-12-18,1.25
TTEK,2024-09-09,5.0
TXN,1973-05-29,2.0
TXN,1987-06-15,3.0
TXN,1995-08-21,2.0
TXN,1997-11-24,2.0
TXN,1999-08-17,2.0
TXN,2000-05-23,2.0
UBSI,1988-02-16,2.0
UBSI,1998-03-30,2.0
UCBI,2002-05-30,2.0
UCBI,2004-04-29,1.5
UCBI,2008-09-03,1.008
UCBI,2008-12-08,1.008
UCBI,2009-03-09,1.008
UCBI,2009-09-08,1.008
UCBI,2011-06-20,0.2
UDR,1983-08-01,1.5
UDR,1993-05-06,2.0
UFPI,2017-11-15,3.0
UGI,1990-07-02,2.0
UGI,2003-04-02,1.5
UGI,2005-05-25,2.0
UGI,2014-09-08,1.5
UMBF,1980-12-15,1.1
UMBF,1981-12-11,1.15
UMBF,1982-12-10,1.1
UMBF,1983-12-12,1.1
UMBF,1984-12-11,1.1
UMBF,1985-12-13,1.1
UMBF,1987-01-05,1.5
UMBF,1987-12-08,1.05
UMBF,1988-12-09,1.05
UMBF,1991-12-09,1.1
UMBF,1994-06-08,1.1
UMBF,1996-12-09,1.05
UMBF,1997-12-09,1.05
UMBF,1999-12-09,1.1
UMBF,2001-12-10,1.05
UMBF,2006-05-31,2.0
UNF,1989-12-04,2.0
UNF,1994-01-20,2.0
UNH,1992-09-16,2.0
UNH,1994-03-11,2.0
UNH,2000-12-26,2.0
UNH,2003-06-19,2.0
UNH,2005-05-31,2.0
UNM,1992-03-10,2.0
UNM,1997-06-03,2.0
UNP,1977-02-16,2.0
UNP,1980-05-12,2.0
UNP,1991-10-02,2.0
UNP,1996-10-16,1.487
UNP,2008-05-29,2.0
UNP,2014-06-09,2.0
USB,1979-02-22,1.25
USB,1984-06-25,1.1
USB,1985-04-16,2.0
USB,1989-04-17,2.0
USB,1997-01-16,3.0
USB,1998-05-19,3.0
USB,1999-04-16,3.0
USB,2001-02-27,1.265
UVV,1975-11-12,2.0
UVV,1978-03-06,2.0
UVV,1984-03-02,2.0
UVV,1992-01-02,2.0
V,2000-12-11,0.2
V,2015-03-19,4.0
VMC,1976-05-17,2.0
VMC,1989-03-13,4.0
VMC,1999-03-11,3.0
VRTS,1995-05-22,2.0
VRTS,1996-10-01,1.5
VRTS,1997-09-15,1.5
VRTS,1998-05-21,1.5
VRTS,1999-07-09,2.0
VRTS,1999-11-22,1.5
VRTS,2000-03-06,1.5
VZ,1986-04-18,2.0
VZ,1990-05-02,2.0
VZ,1998-06-30,2.0
VZ,2006-11-20,1.038
VZ,2008-04-01,1.005
VZ,2010-07-02,1.066
WABC,1976-01-12,1.05
WABC,1976-11-24,1.05
WABC,1977-11-25,1.05
WABC,1978-04-10,2.0
WABC,1979-01-22,1.1
WABC,1981-12-03,1.072
WABC,1987-06-11,2.0
WABC,1998-02-26,3.0
WAFD,1984-02-16,1.5
WAFD,1985-01-30,1.1
WAFD,1985-06-24,1.5
WAFD,1986-01-29,1.1
WAFD,1987-03-20,1.5
WAFD,1988-02-25,1.1
WAFD,1989-03-06,1.1
WAFD,1990-03-12,1.5
WAFD,1992-03-02,1.5
WAFD,1993-02-09,1.1
WAFD,1994-01-26,1.1
WAFD,1996-02-13,1.1
WAFD,1997-02-05,1.1
WAFD,1998-02-10,1.1
WAFD,1999-02-10,1.1
WAFD,2001-02-07,1.1
WAFD,2002-02-06,1.1
WAFD,2003-02-05,1.1
WAFD,2004-02-04,1.1
WAFD,2005-02-02,1.1
WCN,2004-06-25,1.5
WCN,2007-03-14,1.5
WCN,2010-11-15,1.5
WCN,2016-06-01,0.481
WCN,2017-06-19,1.5
WDFC,1978-10-03,2.0
WDFC,1983-05-02,3.0
WDFC,1997-08-01,2.0
WEC,1982-07-28,1.5
WEC,1987-07-01,2.0
WEC,1992-07-01,1.5
WEC,2011-03-02,2.0
WGO,2004-03-08,2.0
WLK,2014-03-19,2.0
WLY,1982-09-14,2.0
WLY,1994-07-14,2.0
WLY,1995-10-19,2.0
WLY,1998-10-19,2.0
WLY,1999-06-01,2.0
WMB,1975-02-28,2.0
WMB,1975-03-03,2.0
WMB,1993-11-08,2.0
WMB,1996-12-31,1.5
WMB,1997-12-30,2.0
WMB,2001-04-24,1.089
WMB,2012-01-03,1.227
WMS,1992-03-02,2.0
WMS,1998-04-07,6.05
WMS,2007-06-15,1.5
WMT,1975-08-25,2.0
WMT,1980-12-17,2.0
WMT,1982-07-12,2.0
WMT,1983-07-11,2.0
WMT,1985-10-07,2.0
WMT,1987-07-13,2.0
WMT,1990-07-09,2.0
WMT,1993-02-26,2.0
WMT,1999-04-20,2.0
WMT,2024-02-26,3.0
WOR,1974-09-30,2.0
WOR,1976-06-07,1.5
WOR,1977-10-31,1.5
WOR,1978-05-25,1.5
WOR,1979-04-30,1.5
WOR,1983-03-31,1.333
WOR,1983-04-03,1.333
WOR,1983-04-04,1.333
WOR,1985-10-28,1.5
WOR,1986-11-03,1.5
WOR,1991-10-28,1.5
WOR,1993-10-25,1.5
WOR,2023-12-01,1.622
WRB,1975-05-27,1.06
WRB,1976-06-07,1.06
WRB,1977-06-06,1.06
WRB,1978-06-15,1.06
WRB,1979-06-26,1.07
WRB,1979-12-26,1.07
WRB,1980-06-26,1.07
WRB,1981-06-26,1.07
WRB,1982-06-21,1.07
WRB,1983-06-20,1.07
WRB,1986-06-19,1.5
WRB,1991-05-06,1.5
WRB,1997-09-19,1.5
WRB,2002-07-03,1.5
WRB,2003-08-28,1.5
WRB,2005-04-11,1.5
WRB,2006-04-05,1.5
WRB,2019-04-03,1.5
WRB,2022-03-24,1.5
WRB,2024-07-11,1.5
WSBC,1989-12-04,1.1
WSBC,1993-04-23,2.0
WSBC,1997-08-04,1.5
WSFS,2015-05-19,3.0
WSM,1986-06-27,1.5
WSM,1989-06-29,1.5
WSM,1990-07-02,1.5
WSM,1994-02-22,1.5
WSM,1994-09-27,1.5
WSM,1998-05-18,2.0
WSM,2002-05-10,2.0
WSM,2024-07-09,2.0
WSO,1992-04-09,1.05
WSO,1995-05-16,1.5
WSO,1996-06-17,1.5
WSO,1998-08-17,1.5
WST,1982-05-06,2.0
WST,1987-06-02,2.0
WST,2004-09-29,2.0
WST,2004-09-30,2.0
WST,2013-09-27,2.0
WTFC,2002-03-15,1.5
WTRG,1975-06-02,2.0
WTRG,1981-07-01,12.43
WTRG,1986-09-03,1.5
WTRG,1996-07-11,1.5
WTRG,1998-01-13,1.333
WTRG,2000-12-04,1.25
WTRG,2001-12-03,1.25
WTRG,2003-12-02,1.25
WTRG,2005-12-02,1.333
WTRG,2013-09-03,1.25
WTS,1994-03-16,2.0
WTS,1999-10-19,0.72
XEL,1986-06-16,2.0
XEL,1998-06-02,2.0
XOM,1976-07-26,2.0
XOM,1981-06-12,2.0
XOM,1987-09-15,2.0
XOM,1997-04-14,2.0
XOM,2001-07-19,2.0
XRAY,1992-08-24,2.0
XRAY,1997-10-30,2.0
XRAY,2002-02-01,1.5
XRAY,2006-07-18,2.0
YUM,2002-06-18,2.0
YUM,2007-06-27,2.0
YUM,2016-11-01,1.391
ZION,1978-09-01,1.5
ZION,1981-08-17,1.5
ZION,1993-01-27,2.0
ZION,1997-05-15,4.0
