티커,권리락일,분할/병합,분할/병합 여부
A,2014-11-03,1.398,Y
AAPL,1987-06-16,2.0,Y
AAPL,2000-06-21,2.0,Y
AAPL,2005-02-28,2.0,Y
AAPL,2014-06-09,7.0,Y
AAPL,2020-08-31,4.0,Y
ABM,1983-02-04,1.5,Y
ABM,1989-04-10,1.25,Y
ABM,1992-07-31,2.0,Y
ABM,1996-08-06,2.0,Y
ABM,2002-05-07,2.0,Y
ABR,2012-08-30,10.0,Y
ABT,1964-04-27,2.0,Y
ABT,1975-08-25,2.0,Y
ABT,1978-05-22,2.0,Y
ABT,1981-05-29,2.0,Y
ABT,1981-06-01,2.0,Y
ABT,1986-06-02,2.0,Y
ABT,1990-06-01,2.0,Y
ABT,1992-06-01,2.0,Y
ABT,1998-06-01,2.0,Y
ABT,2004-05-03,1.069,Y
ABT,2013-01-02,2.084,Y
ADI,1975-03-17,1.049,Y
ADI,1976-03-16,1.049,Y
ADI,1977-03-15,1.05,Y
ADI,1978-03-20,1.1,Y
ADI,1979-04-23,2.0,Y
ADI,1980-04-16,1.25,Y
ADI,1981-04-07,1.25,Y
ADI,1982-04-13,1.25,Y
ADI,1983-04-05,1.5,Y
ADI,1984-04-17,1.333,Y
ADI,1985-04-16,1.25,Y
ADI,1986-04-15,1.333,Y
ADI,1995-01-05,1.5,Y
ADI,1996-01-04,1.5,Y
ADI,1997-01-07,1.333,Y
ADI,2000-03-16,2.0,Y
ADM,1975-12-11,1.499,Y
ADM,1977-08-26,1.05,Y
ADM,1978-08-28,1.05,Y
ADM,1979-08-27,1.05,Y
ADM,1980-10-27,1.05,Y
ADM,1981-03-23,1.5,Y
ADM,1981-08-17,1.05,Y
ADM,1982-08-17,1.05,Y
ADM,1983-08-16,1.05,Y
ADM,1984-08-14,1.05,Y
ADM,1985-08-13,1.05,Y
ADM,1986-06-03,1.5,Y
ADM,1986-08-12,1.05,Y
ADM,1987-08-11,1.05,Y
ADM,1988-08-16,1.05,Y
ADM,1989-08-22,1.05,Y
ADM,1989-12-05,1.5,Y
ADM,1990-08-14,1.05,Y
ADM,1991-08-13,1.05,Y
ADM,1992-08-11,1.05,Y
ADM,1993-08-17,1.05,Y
ADM,1994-08-16,1.05,Y
ADM,1994-12-06,1.5,Y
ADM,1995-08-17,1.05,Y
ADM,1996-08-15,1.05,Y
ADM,1997-08-14,1.05,Y
ADM,1998-08-20,1.05,Y
ADM,1999-08-19,1.05,Y
ADM,2000-08-24,1.05,Y
ADM,2001-08-30,1.05,Y
ADP,1976-07-02,2.0,Y
ADP,1981-05-22,2.0,Y
ADP,1986-06-09,2.0,Y
ADP,1991-05-01,2.0,Y
ADP,1996-01-02,2.0,Y
ADP,1997-09-08,1.5,Y
ADP,1999-01-04,2.0,Y
ADP,2007-04-02,1.107,Y
ADP,2014-10-01,1.139,Y
AEP,1962-10-31,2.0,Y
AES,1994-02-01,1.5,Y
AES,1994-03-04,1.03,Y
AES,1997-08-29,2.0,Y
AES,2000-06-02,2.0,Y
AFG,1982-01-25,1.5,Y
AFG,1988-03-14,2.0,Y
AFG,2006-12-18,1.5,Y
AFL,1976-10-18,1.25,Y
AFL,1978-02-08,1.099,Y
AFL,1979-08-09,1.1,Y
AFL,1983-12-14,1.2,Y
AFL,1984-10-22,1.1,Y
AFL,1985-06-04,1.5,Y
AFL,1986-03-03,1.333,Y
AFL,1987-02-03,2.0,Y
AFL,1993-06-15,1.25,Y
AFL,1996-03-18,1.5,Y
AFL,1998-06-09,2.0,Y
AFL,2001-03-19,2.0,Y
AFL,2018-03-19,2.0,Y
AGCO,1994-12-16,1.5,Y
AGCO,1996-02-01,2.0,Y
AGM,1999-08-02,3.0,Y
AIN,1998-06-03,1.005,Y
AIN,1998-09-02,1.005,Y
AIN,1998-12-02,1.02,Y
AIN,1999-12-08,1.02,Y
AIT,1988-06-06,1.5,Y
AIT,1989-06-05,1.5,Y
AIT,1995-12-05,1.5,Y
AIT,1997-09-16,1.5,Y
AIT,2004-12-20,1.5,Y
AIT,2006-06-16,1.5,Y
AJG,1986-07-16,2.0,Y
AJG,2000-03-16,2.0,Y
AJG,2001-01-19,2.0,Y
AL,1987-06-02,1.5,Y
AL,1989-06-12,1.5,Y
ALB,2007-03-02,2.0,Y
ALE,1986-07-16,2.0,Y
ALE,1999-03-03,2.0,Y
ALE,2004-09-21,0.333,Y
ALL,1998-07-02,2.0,Y
ALLE,1996-12-30,1.1,Y
ALLE,1998-01-22,1.25,Y
AMAT,1980-04-02,1.5,Y
AMAT,1981-02-06,1.5,Y
AMAT,1986-05-16,2.0,Y
AMAT,1992-04-07,2.0,Y
AMAT,1993-10-06,2.0,Y
AMAT,1995-10-13,2.0,Y
AMAT,1997-10-14,2.0,Y
AMAT,2000-03-16,2.0,Y
AMAT,2002-04-17,2.0,Y
AMGN,1990-08-13,2.0,Y
AMGN,1991-09-11,3.0,Y
AMGN,1995-08-16,2.0,Y
AMGN,1999-03-01,2.0,Y
AMGN,1999-11-22,2.0,Y
AON,1987-05-27,2.0,Y
AON,1994-05-17,1.5,Y
AON,1997-05-15,1.5,Y
AON,1999-05-18,1.5,Y
AOS,1993-08-17,2.0,Y
AOS,1998-08-18,1.5,Y
AOS,2010-11-16,1.5,Y
AOS,2013-05-16,2.0,Y
AOS,2016-09-19,2.0,Y
AOS,2016-10-06,2.0,Y
APD,1975-01-21,1.019,Y
APD,1976-01-27,1.02,Y
APD,1976-07-28,2.0,Y
APD,1977-01-25,1.02,Y
APD,1986-06-06,2.0,Y
APD,1992-03-10,2.0,Y
APD,1998-06-16,2.0,Y
APD,2016-10-03,1.081,Y
APH,2000-04-26,2.0,Y
APH,2004-03-30,2.0,Y
APH,2007-04-02,2.0,Y
APH,2014-10-10,2.0,Y
APH,2021-03-05,2.0,Y
APH,2024-06-12,2.0,Y
APOG,1977-11-03,1.5,Y
APOG,1978-10-31,1.5,Y
APOG,1979-10-30,1.25,Y
APOG,1980-11-25,1.25,Y
APOG,1981-11-24,1.333,Y
APOG,1982-11-29,1.25,Y
APOG,1983-11-21,1.25,Y
APOG,1986-09-15,1.333,Y
APOG,1997-02-18,2.0,Y
ARE,2002-07-30,100.0,Y
ASB,1978-01-13,1.099,Y
ASB,1978-08-02,1.1,Y
ASB,1980-05-21,1.1,Y
ASB,1983-05-06,1.1,Y
ASB,1984-05-10,1.1,Y
ASB,1985-09-18,2.0,Y
ASB,1987-05-12,1.1,Y
ASB,1990-05-10,1.1,Y
ASB,1993-08-16,1.1,Y
ASB,1995-06-16,1.25,Y
ASB,1997-03-03,1.2,Y
ASB,1998-06-15,1.25,Y
ASB,2000-05-30,1.1,Y
ASB,2002-04-25,1.1,Y
ASB,2004-05-13,1.5,Y
ASH,1979-01-15,1.5,Y
ASH,1988-07-29,2.0,Y
ASH,2000-03-30,1.057,Y
ASH,2005-07-01,1.218,Y
ASH,2017-05-15,2.044,Y
ATO,1985-06-13,2.0,Y
ATO,1994-05-17,1.5,Y
ATR,1998-08-26,2.0,Y
ATR,2007-05-10,2.0,Y
AUB,1995-05-23,1.333,Y
AUB,1998-06-02,2.0,Y
AUB,2006-10-16,1.5,Y
AVA,1993-11-10,2.0,Y
AVGO,2024-07-15,10.0,Y
AVT,1981-06-01,1.1,Y
AVT,1983-02-16,2.0,Y
AVT,2000-09-29,2.0,Y
AVY,1983-12-29,2.0,Y
AVY,1987-03-17,2.0,Y
AVY,1996-12-23,2.0,Y
AWK,1985-03-04,2.0,Y
AWK,1987-05-29,2.0,Y
AWK,1996-07-26,2.0,Y
AWR,1993-10-06,2.0,Y
AWR,2002-06-10,1.5,Y
AWR,2013-09-04,2.0,Y
AXS,2014-09-12,5.0,Y
BAC,1986-11-21,2.0,Y
BAC,1997-02-28,2.0,Y
BAC,2004-08-30,2.0,Y
BANF,1992-06-15,1.5,Y
BANF,2006-03-02,2.0,Y
BANF,2017-07-31,2.0,Y
BANF,2017-08-01,2.0,Y
BAX,1981-11-09,2.0,Y
BAX,1983-11-18,2.0,Y
BAX,1992-12-01,1.101,Y
BAX,2001-05-31,2.0,Y
BAX,2015-07-01,1.841,Y
BBY,1986-04-01,2.0,Y
BBY,1987-02-23,1.5,Y
BBY,1987-02-24,1.5,Y
BBY,1993-09-02,1.5,Y
BBY,1994-04-29,2.0,Y
BBY,1998-05-27,2.0,Y
BBY,1999-03-19,2.0,Y
BBY,2002-05-13,1.5,Y
BBY,2005-08-04,1.5,Y
BC,1983-11-16,2.0,Y
BC,1986-02-18,2.0,Y
BC,1987-06-10,2.0,Y
BCC,1988-01-19,1.667,Y
BCPC,1990-12-31,1.25,Y
BCPC,1991-12-30,1.333,Y
BCPC,1994-10-04,1.5,Y
BCPC,1998-06-04,1.5,Y
BCPC,2005-01-21,1.5,Y
BCPC,2006-01-23,1.5,Y
BCPC,2007-01-22,1.5,Y
BCPC,2010-01-21,1.5,Y
BDX,1986-03-03,2.0,Y
BDX,1993-03-01,2.0,Y
BDX,1996-08-16,2.0,Y
BDX,1998-08-21,2.0,Y
BDX,2022-04-01,1.025,Y
BEN,1984-04-13,1.25,Y
BEN,1985-04-02,2.0,Y
BEN,1986-01-23,2.0,Y
BEN,1986-01-24,2.0,Y
BEN,1986-10-27,1.5,Y
BEN,1987-07-15,1.25,Y
BEN,1990-01-16,1.5,Y
BEN,1992-04-15,2.0,Y
BEN,1997-01-15,1.5,Y
BEN,1998-01-16,2.0,Y
BEN,2013-07-26,3.0,Y
BF/B,1975-07-07,1.029,Y
BF/B,1976-07-08,1.029,Y
BF/B,1981-07-17,2.0,Y
BF/B,1987-04-02,1.5,Y
BF/B,1994-05-31,3.0,Y
BF/B,2004-01-21,2.0,Y
BF/B,2008-10-28,1.25,Y
BF/B,2012-08-13,1.5,Y
BF/B,2016-08-04,2.0,Y
BF/B,2016-08-19,2.0,Y
BF/B,2018-03-01,1.25,Y
BIP,2016-09-15,1.5,Y
BIP,2020-03-31,1.12,Y
BIP,2022-06-13,1.5,Y
BK,1983-10-11,2.0,Y
BK,1986-11-07,1.5,Y
BK,1994-05-16,2.0,Y
BK,1996-08-09,2.0,Y
BK,1998-08-14,2.0,Y
BK,2007-07-02,0.943,Y
BKH,1976-02-02,2.0,Y
BKH,1983-06-01,2.0,Y
BKH,1986-03-03,2.0,Y
BKH,1992-03-03,1.5,Y
BKH,1998-03-11,1.5,Y
BMI,1997-04-21,2.0,Y
BMI,2004-12-13,2.0,Y
BMI,2006-06-16,2.0,Y
BMI,2016-09-16,2.0,Y
BMY,1977-05-31,2.0,Y
BMY,1983-05-27,2.0,Y
BMY,1987-06-10,2.0,Y
BMY,1997-03-03,2.0,Y
BMY,1999-03-01,2.0,Y
BMY,2001-08-07,1.051,Y
BOKF,1991-12-17,0.01,Y
BOKF,1993-11-03,1.03,Y
BOKF,1994-11-02,1.03,Y
BOKF,1995-11-15,1.03,Y
BOKF,1996-11-14,1.03,Y
BOKF,1997-11-13,1.03,Y
BOKF,1998-11-10,1.05,Y
BOKF,1999-02-23,2.0,Y
BOKF,1999-10-06,1.03,Y
BOKF,2001-05-03,1.03,Y
BOKF,2002-05-09,1.03,Y
BOKF,2003-05-08,1.03,Y
BOKF,2004-05-06,1.03,Y
BPOP,1976-12-06,1.038,Y
BPOP,1977-12-08,1.037,Y
BPOP,1978-12-11,1.035,Y
BPOP,1979-12-03,0.034,Y
BPOP,1981-12-02,1.5,Y
BPOP,1985-04-11,2.0,Y
BPOP,1985-09-03,3.0,Y
BPOP,1989-04-04,2.0,Y
BPOP,1991-01-02,2.5,Y
BPOP,1996-07-02,2.0,Y
BPOP,1998-07-02,2.0,Y
BPOP,2004-07-09,2.0,Y
BPOP,2012-05-30,0.1,Y
BR,2004-06-02,2.0,Y
BRC,1986-11-03,2.0,Y
BRC,1995-12-18,3.0,Y
BRC,2005-01-03,2.0,Y
BRO,1983-03-24,1.5,Y
BRO,1986-05-12,1.5,Y
BRO,1991-05-30,1.25,Y
BRO,1998-03-02,1.5,Y
BRO,2000-08-24,2.0,Y
BRO,2001-11-23,2.0,Y
BRO,2005-11-29,2.0,Y
BRO,2018-03-29,2.0,Y
BWXT,2015-07-01,1.398,Y
CADE,1985-12-19,2.0,Y
CADE,1986-10-07,2.0,Y
CADE,1993-11-08,1.15,Y
CADE,1995-11-21,2.0,Y
CADE,1998-05-18,2.0,Y
CAH,1985-03-26,1.1,Y
CAH,1986-02-25,1.1,Y
CAH,1987-09-09,1.1,Y
CAH,1988-09-09,1.1,Y
CAH,1989-10-02,1.25,Y
CAH,1990-10-01,1.25,Y
CAH,1991-10-01,1.25,Y
CAH,1994-07-01,1.25,Y
CAH,1996-12-17,1.5,Y
CAH,1998-11-02,1.5,Y
CAH,2001-04-23,1.5,Y
CASY,1985-06-25,1.5,Y
CASY,1986-08-05,2.0,Y
CASY,1994-02-16,2.0,Y
CASY,1998-02-17,2.0,Y
CAT,1964-07-06,2.0,Y
CAT,1976-07-26,1.5,Y
CAT,1994-09-06,2.0,Y
CAT,1997-07-14,2.0,Y
CAT,2005-07-14,2.0,Y
CB,1985-10-25,1.5,Y
CB,1990-05-31,2.0,Y
CB,1996-05-06,0.5,Y
CB,1998-03-03,3.0,Y
CB,2006-04-19,0.5,Y
CBSH,1973-04-30,2.0,Y
CBSH,1986-05-27,2.0,Y
CBSH,1989-05-30,2.0,Y
CBSH,1993-06-01,1.5,Y
CBSH,1994-12-06,1.05,Y
CBSH,1995-11-28,1.05,Y
CBSH,1996-11-26,1.05,Y
CBSH,1997-11-25,1.05,Y
CBSH,1998-03-31,1.5,Y
CBSH,1998-11-25,1.05,Y
CBSH,1999-11-26,1.05,Y
CBSH,2000-11-28,1.05,Y
CBSH,2001-11-28,1.05,Y
CBSH,2002-11-26,1.05,Y
CBSH,2003-11-25,1.05,Y
CBSH,2004-11-24,1.05,Y
CBSH,2005-11-25,1.05,Y
CBSH,2006-11-27,1.05,Y
CBSH,2007-11-27,1.05,Y
CBSH,2008-11-12,1.05,Y
CBSH,2009-11-25,1.05,Y
CBSH,2010-12-02,1.05,Y
CBSH,2011-11-28,1.05,Y
CBSH,2012-11-28,1.05,Y
CBSH,2013-11-26,1.05,Y
CBSH,2014-11-25,1.05,Y
CBSH,2015-11-24,1.05,Y
CBSH,2016-11-30,1.05,Y
CBSH,2017-11-29,1.05,Y
CBSH,2018-11-29,1.05,Y
CBSH,2019-12-02,1.05,Y
CBSH,2020-12-01,1.05,Y
CBSH,2021-12-01,1.05,Y
CBSH,2022-12-01,1.05,Y
CBSH,2023-12-01,1.05,Y
CBSH,2024-12-03,1.05,Y
CBT,1978-03-13,2.0,Y
CBT,1980-11-05,3.0,Y
CBT,1994-08-18,2.0,Y
CBT,1996-03-25,2.0,Y
CBU,1986-05-16,2.0,Y
CBU,1997-03-13,2.0,Y
CBU,2004-04-13,2.0,Y
CCOI,2005-03-24,0.05,Y
CFR,1980-02-05,1.1,Y
CFR,1981-02-25,1.333,Y
CFR,1981-12-01,1.333,Y
CFR,1993-02-09,1.1,Y
CFR,1996-06-24,2.0,Y
CFR,1999-06-23,2.0,Y
CGNX,1992-02-18,2.0,Y
CGNX,1993-10-01,2.0,Y
CGNX,1995-12-19,2.0,Y
CGNX,2013-09-17,2.0,Y
CGNX,2017-12-04,2.0,Y
CHCO,1987-10-02,1.5,Y
CHCO,1989-01-03,1.5,Y
CHCO,1992-08-17,1.1,Y
CHCO,1994-12-23,1.1,Y
CHCO,1995-10-30,1.1,Y
CHCO,1996-10-30,1.1,Y
CHD,1981-06-22,3.0,Y
CHD,1983-06-09,1.5,Y
CHD,1984-09-04,1.5,Y
CHD,1986-03-06,2.0,Y
CHD,1999-09-02,2.0,Y
CHD,2004-09-02,1.5,Y
CHD,2011-06-02,2.0,Y
CHD,2016-09-02,2.0,Y
CHDN,1998-04-15,2.0,Y
CHDN,2019-01-28,3.0,Y
CHDN,2023-05-22,2.0,Y
CHE,1981-11-12,2.0,Y
CHE,2005-05-12,2.0,Y
CHRW,2000-12-04,2.0,Y
CHRW,2005-10-17,2.0,Y
CINF,1975-03-27,1.099,Y
CINF,1976-04-01,1.039,Y
CINF,1979-03-29,1.1,Y
CINF,1980-03-28,1.1,Y
CINF,1982-03-18,1.1,Y
CINF,1984-03-19,1.05,Y
CINF,1985-05-01,2.0,Y
CINF,1987-09-02,1.05,Y
CINF,1992-05-18,3.0,Y
CINF,1995-03-13,1.05,Y
CINF,1996-03-13,1.05,Y
CINF,1998-05-18,3.0,Y
CINF,2004-04-28,1.05,Y
CINF,2005-04-04,1.05,Y
CL,1973-05-30,3.0,Y
CL,1991-05-16,2.0,Y
CL,1997-05-16,2.0,Y
CL,1999-07-01,2.0,Y
CL,2013-05-16,2.0,Y
CLX,1987-06-02,2.0,Y
CLX,1997-09-03,2.0,Y
CLX,1999-08-24,2.0,Y
CMCSA,1980-05-16,1.5,Y
CMCSA,1981-04-13,1.5,Y
CMCSA,1983-01-06,1.5,Y
CMCSA,1984-09-19,1.5,Y
CMCSA,1985-06-28,1.5,Y
CMCSA,1986-12-19,1.5,Y
CMCSA,1988-04-11,1.5,Y
CMCSA,1989-10-25,1.5,Y
CMCSA,1994-02-03,1.5,Y
CMCSA,1999-05-06,2.0,Y
CMCSA,2007-02-22,1.5,Y
CMCSA,2017-02-21,2.0,Y
CME,2012-07-23,5.0,Y
CMI,1993-11-12,2.0,Y
CMI,2007-04-10,2.0,Y
CMI,2008-01-03,2.0,Y
CNA,1998-06-02,3.0,Y
CNA,2001-08-29,1.023,Y
CNS,1996-12-26,1.25,Y
CNS,1997-06-25,1.25,Y
COP,1977-06-13,2.0,Y
COP,1985-07-05,3.0,Y
COP,1997-01-02,1.1,Y
COP,1997-12-29,1.25,Y
COP,1998-12-29,1.25,Y
COP,1999-12-27,1.1,Y
COP,2005-06-02,2.0,Y
COP,2012-05-01,1.312,Y
COR,1999-03-25,2.0,Y
COR,2005-12-29,2.0,Y
COR,2009-06-16,2.0,Y
COST,1984-06-13,2.0,Y
COST,1986-02-04,2.0,Y
COST,1991-05-16,2.0,Y
COST,1992-03-09,1.5,Y
COST,1993-10-22,2.0,Y
COST,2000-01-14,2.0,Y
CPK,1973-11-09,1.02,Y
CPK,1984-06-07,2.0,Y
CPK,1986-10-06,1.5,Y
CPK,1989-04-05,1.5,Y
CPK,2014-09-09,1.5,Y
CSCO,1991-03-18,2.0,Y
CSCO,1992-03-23,2.0,Y
CSCO,1993-03-22,2.0,Y
CSCO,1994-03-21,2.0,Y
CSCO,1996-02-20,2.0,Y
CSCO,1997-12-17,1.5,Y
CSCO,1998-09-16,1.5,Y
CSCO,1999-06-22,2.0,Y
CSCO,2000-03-23,2.0,Y
CSGS,1999-03-08,2.0,Y
CSL,1979-05-11,2.0,Y
CSL,1981-05-11,2.0,Y
CSL,1993-06-02,2.0,Y
CSL,1997-01-16,2.0,Y
CSL,2007-03-20,2.0,Y
CSX,1983-10-26,3.0,Y
CSX,1995-12-22,2.0,Y
CSX,2006-08-16,2.0,Y
CSX,2011-06-16,3.0,Y
CSX,2021-06-29,3.0,Y
CUZ,1980-05-27,1.25,Y
CUZ,1981-03-30,1.25,Y
CUZ,1983-06-21,1.25,Y
CUZ,1984-06-19,1.25,Y
CUZ,1986-05-28,1.5,Y
CUZ,1987-05-29,1.5,Y
CUZ,2000-10-03,1.5,Y
CUZ,2016-10-07,1.417,Y
CUZ,2019-06-17,0.25,Y
CVX,1962-12-17,1.05,Y
CVX,1973-12-11,2.0,Y
CVX,1981-03-11,2.0,Y
CVX,1994-06-13,2.0,Y
CVX,2004-09-13,2.0,Y
CW,1997-12-24,2.0,Y
CW,2003-12-18,2.0,Y
CW,2006-04-24,2.0,Y
CWT,1984-05-03,2.0,Y
CWT,1987-11-02,2.0,Y
CWT,1998-01-26,2.0,Y
CWT,2011-06-13,2.0,Y
DCI,1976-08-03,1.499,Y
DCI,1978-08-01,1.5,Y
DCI,1988-05-03,2.0,Y
DCI,1992-07-13,1.5,Y
DCI,1994-04-07,2.0,Y
DCI,1998-01-14,2.0,Y
DCI,2004-03-22,2.0,Y
DCI,2012-03-26,2.0,Y
DDS,1983-03-24,2.0,Y
DDS,1984-09-17,2.0,Y
DDS,1985-12-17,2.0,Y
DDS,1992-06-08,3.0,Y
DG,1992-04-16,1.25,Y
DG,1993-03-01,1.5,Y
DG,1993-09-20,1.25,Y
DG,1995-03-07,1.333,Y
DG,1996-04-29,1.25,Y
DG,1997-02-13,1.25,Y
DG,1997-09-23,1.25,Y
DG,1998-03-24,1.25,Y
DG,1998-09-22,1.25,Y
DG,1999-05-25,1.25,Y
DG,2000-05-23,1.25,Y
DGX,2001-06-01,2.0,Y
DGX,2005-06-21,2.0,Y
DHI,1993-08-25,1.05,Y
DHI,1994-05-24,1.06,Y
DHI,1995-05-24,1.09,Y
DHI,1995-09-18,1.4,Y
DHI,1996-05-06,1.08,Y
DHI,2000-09-14,1.09,Y
DHI,2001-03-07,1.11,Y
DHI,2002-04-10,1.5,Y
DHI,2004-01-13,1.5,Y
DHI,2005-03-17,1.333,Y
DHR,1987-09-09,2.0,Y
DHR,1995-01-23,2.0,Y
DHR,1998-06-01,2.0,Y
DHR,2004-05-21,2.0,Y
DHR,2010-06-14,2.0,Y
DHR,2016-07-05,1.319,Y
DHR,2023-10-02,1.128,Y
DKS,2004-04-06,2.0,Y
DKS,2007-10-22,2.0,Y
DOV,1976-09-23,2.0,Y
DOV,1979-10-29,2.0,Y
DOV,1981-09-28,2.0,Y
DOV,1988-09-26,2.0,Y
DOV,1995-09-18,2.0,Y
DOV,1997-12-16,2.0,Y
DOV,2014-03-03,1.205,Y
DOV,2018-05-09,1.238,Y
DTE,1963-01-15,2.0,Y
DTE,2021-07-01,1.175,Y
DUK,1990-10-01,2.0,Y
DUK,2001-01-29,2.0,Y
DUK,2007-01-03,1.721,Y
DUK,2012-07-03,0.333,Y
ECL,1986-07-16,2.0,Y
ECL,1994-01-19,2.0,Y
ECL,1998-01-16,2.0,Y
ECL,2003-06-09,2.0,Y
ED,1965-03-02,2.0,Y
ED,1982-07-01,2.0,Y
ED,1989-07-03,2.0,Y
EGP,1997-04-08,1.5,Y
EIX,1984-08-13,2.0,Y
EIX,1993-06-22,2.0,Y
ELS,1994-04-25,2.0,Y
ELS,2013-07-16,2.0,Y
ELS,2019-10-16,2.0,Y
ELV,2005-06-01,2.0,Y
ELV,2005-09-22,2.0,Y
EMN,2011-10-04,2.0,Y
EMR,1973-08-21,2.0,Y
EMR,1987-09-11,3.0,Y
EMR,1997-03-11,2.0,Y
EMR,2006-12-12,2.0,Y
ENSG,2001-02-22,5.0,Y
ENSG,2014-06-03,1.833,Y
ENSG,2015-12-24,2.0,Y
ENSG,2019-10-01,1.069,Y
EOG,1994-06-16,2.0,Y
EOG,2005-03-02,2.0,Y
EOG,2014-04-01,2.0,Y
EPD,2002-05-16,2.0,Y
EPD,2014-08-22,2.0,Y
EQIX,2002-12-31,0.031,Y
EQR,2001-10-12,2.0,Y
ERIE,1996-05-13,3.0,Y
ES,2013-04-30,2.0,Y
ETN,1979-10-03,1.5,Y
ETN,1988-09-20,1.5,Y
ETN,1993-06-29,2.0,Y
ETN,2001-01-02,1.152,Y
ETN,2004-02-24,2.0,Y
ETN,2011-03-01,2.0,Y
ETR,2024-12-13,2.0,Y
EVRG,1987-05-22,2.0,Y
EWBC,2004-06-22,2.0,Y
EXPD,1986-09-26,1.5,Y
EXPD,1993-11-12,2.0,Y
EXPD,1996-12-12,2.0,Y
EXPD,1999-06-01,2.0,Y
EXPD,2002-06-25,2.0,Y
EXPD,2006-06-26,2.0,Y
EXPO,2006-06-12,2.0,Y
EXPO,2015-06-05,2.0,Y
EXPO,2018-06-08,2.0,Y
FAF,1998-01-16,1.5,Y
FAF,1998-07-20,3.0,Y
FAST,1988-09-19,1.5,Y
FAST,1990-02-26,2.0,Y
FAST,1992-03-31,2.0,Y
FAST,1995-03-30,2.0,Y
FAST,2002-05-13,2.0,Y
FAST,2005-11-14,2.0,Y
FAST,2011-05-23,2.0,Y
FAST,2019-05-23,2.0,Y
FCF,1994-02-11,2.0,Y
FCF,1999-11-19,2.0,Y
FDS,1999-02-08,1.5,Y
FDS,2000-02-07,2.0,Y
FDS,2005-02-07,1.5,Y
FELE,2002-03-25,2.0,Y
FELE,2004-06-16,2.0,Y
FELE,2013-03-19,2.0,Y
FFIN,1994-06-02,1.25,Y
FFIN,1995-09-13,1.25,Y
FFIN,1996-06-04,1.25,Y
FFIN,1997-06-03,1.25,Y
FFIN,1998-11-12,1.1,Y
FFIN,2001-06-04,1.25,Y
FFIN,2003-06-03,1.25,Y
FFIN,2005-06-02,1.333,Y
FFIN,2011-06-02,1.5,Y
FFIN,2014-06-03,2.0,Y
FFIN,2019-06-04,2.0,Y
FITB,1983-03-28,2.0,Y
FITB,1985-04-01,1.5,Y
FITB,1986-04-28,1.5,Y
FITB,1987-10-16,1.5,Y
FITB,1990-01-16,1.5,Y
FITB,1992-04-16,1.5,Y
FITB,1996-01-16,1.5,Y
FITB,1997-07-16,1.5,Y
FITB,1998-04-16,1.5,Y
FITB,2000-07-17,1.5,Y
FLO,1977-05-23,1.5,Y
FLO,1978-09-01,1.5,Y
FLO,1982-06-03,1.5,Y
FLO,1983-04-05,1.5,Y
FLO,1984-10-18,1.5,Y
FLO,1987-11-30,1.5,Y
FLO,1995-11-20,1.5,Y
FLO,1997-05-05,1.5,Y
FLO,2001-03-27,0.2,Y
FLO,2002-01-03,1.5,Y
FLO,2003-06-30,1.5,Y
FLO,2005-07-05,1.5,Y
FLO,2007-07-02,1.5,Y
FLO,2011-06-27,1.5,Y
FLO,2013-06-20,1.5,Y
FMC,1986-05-29,5.0,Y
FMC,2007-09-14,2.0,Y
FMC,2012-05-25,2.0,Y
FMC,2019-03-04,1.153,Y
FNF,1992-03-31,1.333,Y
FNF,1993-02-04,1.5,Y
FNF,1993-12-27,1.5,Y
FNF,1996-12-19,1.1,Y
FNF,1997-12-24,1.1,Y
FNF,1998-12-23,1.1,Y
FNF,2001-08-07,1.1,Y
FNF,2002-05-07,1.1,Y
FNF,2003-05-27,1.25,Y
FNF,2004-02-10,1.1,Y
FNF,2006-10-25,2.07,Y
FNF,2014-07-01,1.216,Y
FNF,2017-10-02,1.385,Y
FNF,2022-12-01,1.04,Y
FNV,1997-10-02,2.0,Y
FRME,1993-01-26,1.5,Y
FRME,1995-10-30,1.5,Y
FRME,1998-10-26,1.5,Y
FRME,2001-08-29,1.05,Y
FRME,2002-08-28,1.05,Y
FRME,2003-08-27,1.05,Y
FRT,1982-09-01,2.0,Y
FRT,1985-11-06,1.5,Y
FUL,1977-04-29,2.0,Y
FUL,1984-06-18,2.0,Y
FUL,1992-06-02,1.5,Y
FUL,2001-11-19,2.0,Y
FUL,2006-08-07,2.0,Y
G,1986-05-27,2.0,Y
G,1987-05-26,2.0,Y
G,1991-05-23,2.0,Y
G,1995-06-23,2.0,Y
G,1998-06-08,2.0,Y
GATX,1983-02-15,1.2,Y
GATX,1990-06-04,2.0,Y
GATX,1998-06-02,2.0,Y
GD,1979-02-20,2.5,Y
GD,1980-11-17,2.0,Y
GD,1993-03-30,1.157,Y
GD,1993-06-15,1.214,Y
GD,1994-04-11,2.0,Y
GD,1998-04-03,2.0,Y
GD,2006-03-27,2.0,Y
GFF,1981-08-11,0.1,Y
GFF,2001-08-16,1.1,Y
GFF,2008-09-03,1.138,Y
GGG,1981-11-13,1.5,Y
GGG,1983-09-29,1.5,Y
GGG,1988-08-04,1.5,Y
GGG,1994-02-03,1.5,Y
GGG,1996-02-08,1.5,Y
GGG,1998-02-05,1.5,Y
GGG,2001-02-07,1.5,Y
GGG,2002-06-07,1.5,Y
GGG,2004-03-31,1.5,Y
GGG,2017-12-28,3.0,Y
GHC,1976-12-20,2.0,Y
GHC,1979-01-08,2.0,Y
GHC,2015-07-01,1.655,Y
GILD,2001-02-22,2.0,Y
GILD,2002-03-08,2.0,Y
GILD,2004-09-07,2.0,Y
GILD,2007-06-25,2.0,Y
GILD,2013-01-28,2.0,Y
GL,1984-05-30,2.0,Y
GL,1985-09-17,2.0,Y
GL,1992-08-20,1.5,Y
GL,1997-08-04,2.0,Y
GL,2011-07-05,1.5,Y
GL,2013-05-03,0.833,Y
GL,2013-05-15,0.1,Y
GL,2014-07-02,1.5,Y
GLW,1973-02-26,2.5,Y
GLW,1985-02-13,2.0,Y
GLW,1989-02-15,2.0,Y
GLW,1992-02-11,2.0,Y
GLW,2000-10-04,3.0,Y
GPC,1979-04-03,1.5,Y
GPC,1984-04-10,1.5,Y
GPC,1987-05-28,1.5,Y
GPC,1992-04-20,1.5,Y
GPC,1997-04-15,1.5,Y
GRMN,2006-08-16,2.0,Y
GTY,1976-09-27,1.05,Y
GTY,1977-04-01,1.05,Y
GTY,1978-01-06,1.05,Y
GTY,1978-06-30,1.05,Y
GTY,1979-01-08,1.05,Y
GTY,1979-07-02,1.5,Y
GTY,1980-04-01,1.5,Y
GTY,1980-10-02,1.05,Y
GTY,1981-04-01,1.05,Y
GTY,1981-10-02,1.05,Y
GTY,1982-04-01,1.05,Y
GTY,1982-10-04,1.05,Y
GTY,1982-10-05,1.05,Y
GTY,1983-04-04,1.05,Y
GTY,1983-04-05,1.05,Y
GTY,1983-10-03,1.05,Y
GTY,1984-04-02,1.05,Y
GTY,1984-09-27,1.05,Y
GTY,1985-04-25,1.333,Y
GTY,1985-09-26,1.05,Y
GTY,1985-09-27,1.05,Y
GTY,1986-04-22,1.333,Y
GTY,1986-09-29,1.05,Y
GTY,1987-04-06,1.05,Y
GTY,1988-09-28,1.05,Y
GTY,1989-04-10,1.05,Y
GTY,1989-09-27,1.05,Y
GTY,1990-04-06,1.05,Y
GTY,1997-04-01,1.323,Y
GWW,1985-06-10,2.0,Y
GWW,1991-06-10,2.0,Y
GWW,1998-06-15,2.0,Y
HD,1982-01-20,1.5,Y
HD,1982-05-11,1.25,Y
HD,1982-12-08,2.0,Y
HD,1983-06-09,2.0,Y
HD,1987-09-22,1.5,Y
HD,1989-07-03,1.5,Y
HD,1990-07-06,1.5,Y
HD,1991-06-26,1.5,Y
HD,1992-07-02,1.5,Y
HD,1993-04-14,1.333,Y
HD,1997-07-07,1.5,Y
HD,1998-07-06,2.0,Y
HD,1999-12-31,1.5,Y
HEI,1989-02-01,1.5,Y
HEI,1995-07-05,1.1,Y
HEI,1996-01-11,1.1,Y
HEI,1996-04-25,1.5,Y
HEI,1996-07-10,1.1,Y
HEI,1997-01-06,1.1,Y
HEI,1997-12-17,1.5,Y
HEI,1998-04-24,1.5,Y
HEI,2000-07-06,1.1,Y
HEI,2001-08-08,1.1,Y
HEI,2004-01-02,1.1,Y
HEI,2010-04-27,1.25,Y
HEI,2011-04-26,1.25,Y
HEI,2012-04-25,1.25,Y
HEI,2013-10-23,1.25,Y
HEI,2017-04-19,1.25,Y
HEI,2018-01-02,1.25,Y
HEI,2018-01-18,1.25,Y
HEI,2018-06-28,1.25,Y
HI,1989-04-18,1.25,Y
HI,1993-10-18,2.0,Y
HI,1998-06-02,3.0,Y
HIG,1998-07-16,2.0,Y
HII,2000-01-20,0.1,Y
HMN,1997-12-16,2.0,Y
HNI,1977-04-25,1.5,Y
HNI,1979-03-12,2.0,Y
HNI,1987-06-29,2.0,Y
HNI,1990-07-03,2.0,Y
HNI,1998-03-30,2.0,Y
HOMB,2008-08-11,1.08,Y
HOMB,2010-05-12,1.1,Y
HOMB,2013-06-13,2.0,Y
HOMB,2016-05-16,2.0,Y
HOMB,2016-06-09,2.0,Y
HON,1965-02-04,1.02,Y
HON,1966-02-03,1.02,Y
HON,1967-02-03,1.02,Y
HON,1984-05-30,1.5,Y
HON,1994-03-15,2.0,Y
HON,1997-09-16,2.0,Y
HON,2016-10-03,1.005,Y
HON,2018-10-01,1.011,Y
HON,2018-10-29,1.032,Y
HPQ,1970-03-20,2.0,Y
HPQ,1979-07-31,2.0,Y
HPQ,1981-07-20,2.0,Y
HPQ,1983-08-26,2.0,Y
HPQ,1995-04-17,2.0,Y
HPQ,1996-07-16,2.0,Y
HPQ,2000-10-30,2.0,Y
HPQ,2015-11-02,2.202,Y
HRB,1985-10-02,2.0,Y
HRB,1987-10-02,2.0,Y
HRB,1991-10-02,2.0,Y
HRB,2001-08-02,2.0,Y
HRB,2005-08-23,2.0,Y
HRL,1980-02-21,2.0,Y
HRL,1985-09-04,2.0,Y
HRL,1987-06-02,2.0,Y
HRL,1990-02-21,2.0,Y
HRL,2000-02-16,2.0,Y
HRL,2011-02-15,2.0,Y
HRL,2016-02-10,2.0,Y
HSY,1983-09-16,2.0,Y
HSY,1986-09-16,3.0,Y
HSY,1996-09-16,2.0,Y
HSY,2004-06-16,2.0,Y
HTLF,1998-07-29,2.0,Y
HTLF,2003-12-30,1.5,Y
HUBB,1977-08-08,1.333,Y
HUBB,1980-02-11,2.0,Y
HUBB,1981-02-11,2.0,Y
HUBB,1985-08-12,2.0,Y
HUBB,1989-01-09,1.05,Y
HUBB,1990-01-08,1.05,Y
HUBB,1991-01-07,1.05,Y
HUBB,1992-01-06,1.05,Y
HUBB,1995-01-09,1.05,Y
HUBB,1996-08-12,2.0,Y
HUM,1977-10-24,1.5,Y
HUM,1978-11-02,1.5,Y
HUM,1980-02-01,1.333,Y
HUM,1981-02-03,2.0,Y
HUM,1982-02-01,1.5,Y
HUM,1983-02-01,1.333,Y
HUM,1984-02-01,1.2,Y
HUM,1991-08-01,1.5,Y
HWKN,1977-03-04,1.3,Y
HWKN,1978-03-13,1.3,Y
HWKN,1979-03-05,1.3,Y
HWKN,1980-03-07,1.15,Y
HWKN,1981-03-04,1.15,Y
HWKN,1982-03-15,1.15,Y
HWKN,1983-03-14,1.15,Y
HWKN,1984-03-12,1.1,Y
HWKN,1985-03-29,1.1,Y
HWKN,1986-02-24,1.1,Y
HWKN,1987-04-06,1.1,Y
HWKN,1988-04-04,1.1,Y
HWKN,1989-04-24,2.0,Y
HWKN,1990-03-26,1.05,Y
HWKN,1991-03-22,1.05,Y
HWKN,1992-03-23,1.05,Y
HWKN,1993-03-22,1.05,Y
HWKN,1994-03-21,1.05,Y
HWKN,1995-03-27,1.1,Y
HWKN,1996-03-27,1.05,Y
HWKN,1997-03-25,1.05,Y
HWKN,2021-03-02,2.0,Y
IBM,1964-05-18,1.25,Y
IBM,1966-05-18,1.5,Y
IBM,1968-04-23,2.0,Y
IBM,1973-05-29,1.25,Y
IBM,1979-06-01,4.0,Y
IBM,1997-05-28,2.0,Y
IBM,1999-05-27,2.0,Y
IBM,2021-11-04,1.046,Y
IBOC,1996-06-10,1.25,Y
IBOC,1997-06-10,1.25,Y
IBOC,1998-06-15,1.25,Y
IBOC,1999-06-14,1.25,Y
IBOC,2000-06-13,1.25,Y
IBOC,2001-06-18,1.25,Y
IBOC,2002-06-17,1.25,Y
IBOC,2003-06-17,1.25,Y
IBOC,2004-06-01,1.25,Y
IBOC,2005-06-01,1.25,Y
IBOC,2007-05-17,1.1,Y
ICE,2016-11-04,5.0,Y
IDA,1985-06-07,2.0,Y
IEX,1995-02-01,1.5,Y
IEX,1997-02-03,1.5,Y
IEX,2004-06-01,1.5,Y
IEX,2007-05-22,1.5,Y
INDB,1987-10-01,1.5,Y
INGR,2005-01-26,2.0,Y
INTU,1995-08-22,2.0,Y
INTU,1999-10-01,3.0,Y
INTU,2006-07-07,2.0,Y
IOSP,2007-07-23,2.0,Y
IPG,1977-10-26,1.5,Y
IPG,1979-08-14,1.2,Y
IPG,1984-02-15,2.0,Y
IPG,1986-06-24,2.0,Y
IPG,1989-06-16,1.5,Y
IPG,1992-06-16,2.0,Y
IPG,1997-07-16,1.5,Y
IPG,1999-07-16,2.0,Y
ITT,2006-02-22,2.0,Y
ITT,2011-11-01,3.016,Y
ITW,1984-05-23,2.0,Y
ITW,1987-05-27,2.0,Y
ITW,1993-06-21,2.0,Y
ITW,1997-05-28,2.0,Y
ITW,2006-05-26,2.0,Y
JBHT,1986-07-08,2.0,Y
JBHT,1992-03-16,1.5,Y
JBHT,2003-09-02,2.0,Y
JBHT,2005-05-24,2.0,Y
JEF,1983-04-07,2.0,Y
JEF,1985-02-15,1.5,Y
JEF,1987-01-07,2.0,Y
JEF,1993-01-11,2.0,Y
JEF,1995-11-16,2.0,Y
JEF,1996-04-01,2.0,Y
JEF,1997-12-16,2.0,Y
JEF,2003-08-18,2.0,Y
JEF,2005-01-03,1.5,Y
JEF,2006-05-16,2.0,Y
JEF,2006-06-15,2.0,Y
JEF,2013-02-26,1.027,Y
JEF,2019-09-27,1.068,Y
JEF,2023-01-17,1.046,Y
JJSF,1986-06-06,1.5,Y
JJSF,1989-08-15,2.0,Y
JJSF,2006-01-06,2.0,Y
JKHY,1992-03-04,1.5,Y
JKHY,1993-03-09,1.5,Y
JKHY,1994-03-11,1.333,Y
JKHY,1997-03-14,1.5,Y
JKHY,2000-03-03,2.0,Y
JKHY,2001-03-05,2.0,Y
JNJ,1967-06-19,3.0,Y
JNJ,1970-05-18,3.0,Y
JNJ,1981-05-19,3.0,Y
JNJ,1989-05-11,2.0,Y
JNJ,1992-06-10,2.0,Y
JNJ,1996-06-12,2.0,Y
JNJ,2001-06-13,2.0,Y
JPM,1973-04-24,2.0,Y
JPM,1982-04-16,1.5,Y
JPM,1984-04-16,1.5,Y
JPM,1985-01-16,2.0,Y
JPM,1987-01-16,2.0,Y
JPM,1998-06-15,2.0,Y
JPM,2000-06-12,1.5,Y
KAI,1995-09-18,1.5,Y
KAI,1996-06-27,1.5,Y
KAI,2001-07-12,0.2,Y
KEY,1978-08-16,2.0,Y
KEY,1987-02-25,2.0,Y
KEY,1992-04-15,1.5,Y
KEY,1993-03-23,2.0,Y
KEY,1994-03-02,1.205,Y
KEY,1998-03-09,2.0,Y
KFRC,1996-05-23,2.0,Y
KFRC,1997-10-20,2.0,Y
KLAC,1983-01-10,2.0,Y
KLAC,1983-12-09,2.0,Y
KLAC,1984-12-17,1.5,Y
KLAC,1995-10-02,2.0,Y
KLAC,2000-01-19,2.0,Y
KMB,1984-05-25,2.0,Y
KMB,1987-05-26,2.0,Y
KMB,1992-01-03,2.0,Y
KMB,1997-04-03,2.0,Y
KMB,2014-11-03,1.043,Y
KMI,1993-10-05,1.5,Y
KMI,1999-01-04,1.5,Y
KMI,2015-01-20,10.0,Y
KO,1965-02-19,2.0,Y
KO,1965-05-19,2.0,Y
KO,1968-06-03,2.0,Y
KO,1977-06-01,2.0,Y
KO,1986-07-01,3.0,Y
KO,1990-05-14,2.0,Y
KO,1992-05-12,2.0,Y
KO,1996-05-13,2.0,Y
KO,2012-08-13,2.0,Y
KR,1979-05-29,2.0,Y
KR,1986-10-01,2.0,Y
KR,1997-04-23,2.0,Y
KR,1999-06-29,2.0,Y
KR,2015-07-14,2.0,Y
KRC,2013-02-22,0.714,Y
KWR,1976-07-02,2.0,Y
KWR,1980-01-29,2.0,Y
KWR,1985-01-31,2.0,Y
KWR,1990-07-31,1.5,Y
LANC,1978-01-11,1.5,Y
LANC,1983-01-05,1.5,Y
LANC,1986-07-29,1.25,Y
LANC,1987-12-28,1.1,Y
LANC,1992-05-01,1.5,Y
LANC,1993-04-16,1.333,Y
LANC,1994-07-21,1.333,Y
LANC,1998-01-28,1.5,Y
LCII,1989-05-03,0.1,Y
LCII,1997-03-24,2.0,Y
LCII,2005-09-08,2.0,Y
LECO,1998-06-16,2.0,Y
LECO,2011-06-01,2.0,Y
LEG,1978-09-01,1.499,Y
LEG,1983-08-29,2.0,Y
LEG,1986-03-17,1.5,Y
LEG,1992-06-16,2.0,Y
LEG,1995-09-18,2.0,Y
LEG,1998-06-16,2.0,Y
LFUS,1997-06-11,2.0,Y
LHX,1976-12-23,2.0,Y
LHX,1978-09-25,2.0,Y
LHX,1997-09-29,2.0,Y
LHX,2005-03-31,2.0,Y
LHX,2009-05-11,1.058,Y
LIN,1998-05-08,2.0,Y
LIN,2003-12-16,2.0,Y
LKFN,1996-05-16,2.0,Y
LKFN,1998-05-18,2.0,Y
LKFN,2006-05-01,2.0,Y
LKFN,2016-08-08,1.5,Y
LLY,1986-01-30,2.0,Y
LLY,1989-05-01,2.0,Y
LLY,1995-12-21,2.0,Y
LLY,1997-10-16,2.0,Y
LMT,1963-08-05,1.333,Y
LMT,1983-09-09,3.0,Y
LMT,1995-03-16,1.63,Y
LMT,1999-01-04,2.0,Y
LNN,1990-05-16,1.5,Y
LNN,1991-09-17,1.5,Y
LNN,1996-02-23,1.5,Y
LNN,1997-03-11,1.5,Y
LNN,1998-06-16,1.5,Y
LNT,1988-09-26,2.0,Y
LNT,2016-05-20,2.0,Y
LOGI,2000-07-05,2.0,Y
LOGI,2001-08-02,10.0,Y
LOGI,2005-07-01,2.0,Y
LOGI,2006-07-17,2.0,Y
LOW,1972-07-25,1.333,Y
LOW,1976-06-02,1.5,Y
LOW,1981-11-02,1.5,Y
LOW,1983-04-29,1.667,Y
LOW,1992-06-29,2.0,Y
LOW,1994-04-04,2.0,Y
LOW,1998-06-29,2.0,Y
LOW,2001-07-02,2.0,Y
LOW,2006-07-03,2.0,Y
LPX,1977-08-09,1.02,Y
LPX,1979-03-05,1.03,Y
LPX,1980-02-08,1.03,Y
LPX,1981-02-10,1.03,Y
LPX,1982-02-10,1.03,Y
LPX,1983-02-14,1.03,Y
LPX,1984-02-10,1.03,Y
LPX,1985-02-08,1.03,Y
LPX,1986-02-10,1.03,Y
LPX,1987-02-09,1.03,Y
LPX,1992-06-08,1.5,Y
LPX,1993-06-09,2.0,Y
LRCX,1993-09-16,1.5,Y
LRCX,2000-03-17,3.0,Y
LRCX,2024-10-03,10.0,Y
LSTR,2002-08-13,2.0,Y
LSTR,2003-11-14,2.0,Y
LSTR,2005-01-10,2.0,Y
MA,2014-01-22,10.0,Y
MAS,1975-12-30,2.0,Y
MAS,1982-12-30,2.0,Y
MAS,1984-07-03,1.05,Y
MAS,1986-05-20,2.0,Y
MAS,1998-07-13,2.0,Y
MAS,2015-07-01,1.138,Y
MATX,1984-03-12,2.0,Y
MATX,1986-06-06,1.5,Y
MATX,1988-06-03,2.0,Y
MATX,2012-07-02,2.086,Y
MBIN,2022-01-18,1.5,Y
MCD,1971-06-14,1.5,Y
MCD,1972-06-06,2.0,Y
MCD,1982-10-07,1.5,Y
MCD,1984-09-25,1.5,Y
MCD,1986-06-26,1.5,Y
MCD,1987-06-23,1.5,Y
MCD,1989-06-19,2.0,Y
MCD,1994-06-27,2.0,Y
MCD,1999-03-08,2.0,Y
MCHP,1993-09-14,2.0,Y
MCHP,1994-04-05,1.5,Y
MCHP,1994-11-09,1.5,Y
MCHP,1997-01-07,1.5,Y
MCHP,2000-02-08,1.5,Y
MCHP,2000-09-27,1.5,Y
MCHP,2002-05-09,1.5,Y
MCHP,2021-10-13,2.0,Y
MCK,1998-01-05,2.0,Y
MCO,2005-05-19,2.0,Y
MDT,1980-08-01,2.0,Y
MDT,1989-08-31,2.0,Y
MDT,1991-08-30,2.0,Y
MDT,1994-09-30,2.0,Y
MDT,1995-09-29,2.0,Y
MDT,1997-09-15,2.0,Y
MDT,1999-09-27,2.0,Y
MET,2017-08-07,1.122,Y
MGA,2010-11-26,2.0,Y
MGA,2015-03-26,2.0,Y
MGEE,1992-01-22,1.5,Y
MGEE,1996-02-21,1.5,Y
MGEE,2014-02-10,1.5,Y
MGRC,1991-04-22,2.0,Y
MGRC,1997-04-28,2.0,Y
MGRC,2005-03-28,2.0,Y
MKC,1977-03-22,2.0,Y
MKC,1988-04-28,2.0,Y
MKC,1990-01-22,2.0,Y
MKC,1992-01-21,2.0,Y
MKC,2002-04-09,2.0,Y
MKC,2020-12-01,2.0,Y
MMC,1980-11-12,2.0,Y
MMC,1986-05-15,2.0,Y
MMC,1997-06-30,2.0,Y
MMC,1998-06-29,1.5,Y
MMC,2002-07-01,2.0,Y
MMM,1972-06-16,2.0,Y
MMM,1987-06-16,2.0,Y
MMM,1994-04-11,2.0,Y
MMM,2003-09-30,2.0,Y
MMM,2024-04-01,1.196,Y
MO,1966-05-19,3.0,Y
MO,1969-05-22,2.0,Y
MO,1974-06-03,2.0,Y
MO,1979-06-01,2.0,Y
MO,1986-04-11,2.0,Y
MO,1989-10-11,4.0,Y
MO,1997-04-11,3.0,Y
MPWR,2000-08-29,1.5,Y
MRK,1964-05-27,3.0,Y
MRK,1972-06-01,2.0,Y
MRK,1986-05-27,2.0,Y
MRK,1988-05-26,3.0,Y
MRK,1992-05-26,3.0,Y
MRK,1999-02-17,2.0,Y
MRK,2021-06-03,1.048,Y
MS,1989-02-28,1.5,Y
MS,1991-08-28,2.0,Y
MS,1997-01-15,2.0,Y
MS,2000-01-27,2.0,Y
MS,2004-01-14,0.333,Y
MSA,1977-04-26,2.0,Y
MSA,1980-05-16,2.0,Y
MSA,1985-09-11,2.0,Y
MSA,2000-05-25,3.0,Y
MSA,2004-01-29,3.0,Y
MSEX,1985-01-02,2.0,Y
MSEX,1992-10-02,2.0,Y
MSEX,2002-01-03,1.5,Y
MSEX,2003-11-17,1.333,Y
MSFT,1987-09-21,2.0,Y
MSFT,1990-04-16,2.0,Y
MSFT,1991-06-27,1.5,Y
MSFT,1992-06-15,1.5,Y
MSFT,1994-05-23,2.0,Y
MSFT,1996-12-09,2.0,Y
MSFT,1998-02-23,2.0,Y
MSFT,1999-03-29,2.0,Y
MSFT,2003-02-18,2.0,Y
MSI,1965-05-26,1.5,Y
MSI,1970-05-26,2.0,Y
MSI,1973-06-04,2.0,Y
MSI,1984-06-04,3.0,Y
MSI,1993-01-19,2.0,Y
MSI,1994-04-19,2.0,Y
MSI,2000-06-02,3.0,Y
MSI,2004-12-03,1.117,Y
MSI,2011-01-04,0.247,Y
MTB,1987-09-25,2.0,Y
MTB,2000-10-06,10.0,Y
MTRN,1977-03-29,1.25,Y
MTRN,1979-10-01,2.0,Y
MTRN,1983-01-21,1.5,Y
MTRN,1984-06-25,2.0,Y
NBTB,1992-11-24,1.05,Y
NBTB,1993-11-24,1.05,Y
NBTB,1994-11-25,1.05,Y
NBTB,1995-11-29,1.05,Y
NBTB,1996-11-26,1.05,Y
NBTB,1997-11-26,1.05,Y
NBTB,1998-06-16,1.333,Y
NBTB,1998-11-27,1.05,Y
NBTB,1999-11-29,1.05,Y
NDAQ,2022-08-29,3.0,Y
NDSN,1984-01-04,1.5,Y
NDSN,1987-05-01,1.5,Y
NDSN,1991-09-25,2.0,Y
NDSN,2000-09-13,2.0,Y
NDSN,2011-04-13,2.0,Y
NEE,1985-01-31,2.0,Y
NEE,2005-03-16,2.0,Y
NEE,2020-10-27,4.0,Y
NEU,1978-01-03,2.0,Y
NEU,1983-04-12,2.0,Y
NEU,1985-04-02,2.0,Y
NEU,1986-06-02,2.0,Y
NEU,1993-07-01,1.5,Y
NEU,1994-03-11,2.0,Y
NEU,2001-08-17,1.5,Y
NEU,2002-07-01,0.2,Y
NFG,1984-05-21,2.0,Y
NFG,1984-05-25,1.1,Y
NFG,1987-06-17,2.0,Y
NFG,2001-09-10,2.0,Y
NI,1998-02-23,2.0,Y
NI,2015-07-02,2.545,Y
NJR,1980-10-30,1.03,Y
NJR,1987-03-03,2.0,Y
NJR,2002-03-04,1.5,Y
NJR,2008-03-04,1.5,Y
NJR,2015-03-04,2.0,Y
NKE,1983-01-06,2.0,Y
NKE,1990-10-08,2.0,Y
NKE,1990-10-09,2.0,Y
NKE,1995-10-31,2.0,Y
NKE,1996-10-24,2.0,Y
NKE,2007-04-03,2.0,Y
NKE,2012-12-26,2.0,Y
NKE,2015-12-24,2.0,Y
NOC,1975-12-22,1.499,Y
NOC,1977-06-20,2.0,Y
NOC,1984-09-11,3.0,Y
NOC,2004-06-22,2.0,Y
NOC,2011-03-31,1.107,Y
NSC,1987-04-07,3.0,Y
NSC,1997-10-10,3.0,Y
NSP,1986-06-16,2.0,Y
NSP,1998-06-02,2.0,Y
NSP,2000-10-17,2.0,Y
NSP,2007-04-19,2.0,Y
NSP,2017-12-01,2.0,Y
NSP,2017-12-19,2.0,Y
NTR,2011-02-25,0.333,Y
NTR,2018-01-02,0.0,Y
NUE,1977-06-20,1.4,Y
NUE,1978-09-18,1.4,Y
NUE,1979-06-19,1.5,Y
NUE,1983-09-21,2.0,Y
NUE,1986-06-18,1.5,Y
NUE,1992-06-22,2.0,Y
NUE,1993-09-20,2.0,Y
NUE,2004-10-18,2.0,Y
NUE,2006-06-01,2.0,Y
NWN,1996-09-09,1.5,Y
NYT,1983-12-22,3.0,Y
NYT,1986-10-06,2.0,Y
NYT,1998-07-02,2.0,Y
O,2005-01-03,2.0,Y
O,2021-11-15,1.032,Y
ODFL,2003-06-17,1.5,Y
ODFL,2004-05-21,1.5,Y
ODFL,2005-12-01,1.5,Y
ODFL,2010-08-24,1.5,Y
ODFL,2012-09-10,1.5,Y
ODFL,2020-03-25,1.5,Y
ODFL,2024-03-28,2.0,Y
OGE,1998-06-16,2.0,Y
OGE,2013-07-02,2.0,Y
OLED,1996-04-11,0.091,Y
ORCL,1987-03-25,2.0,Y
ORCL,1987-12-21,2.0,Y
ORCL,1989-07-03,2.0,Y
ORCL,1993-11-09,2.0,Y
ORCL,1995-02-23,1.5,Y
ORCL,1996-04-17,1.5,Y
ORCL,1997-08-18,1.5,Y
ORCL,1999-03-01,1.5,Y
ORCL,2000-01-19,2.0,Y
ORCL,2000-10-13,2.0,Y
ORI,1977-09-14,1.5,Y
ORI,1978-03-14,1.04,Y
ORI,1979-08-23,1.5,Y
ORI,1982-03-30,1.05,Y
ORI,1983-03-28,1.05,Y
ORI,1984-04-02,1.05,Y
ORI,1985-05-16,1.25,Y
ORI,1987-08-31,1.1,Y
ORI,1988-03-31,1.05,Y
ORI,1989-02-13,1.05,Y
ORI,1990-04-30,1.05,Y
ORI,1991-04-02,1.1,Y
ORI,1992-05-01,2.0,Y
ORI,1996-05-01,1.5,Y
ORI,1998-05-05,1.5,Y
ORI,2003-12-31,1.5,Y
ORI,2006-01-03,1.25,Y
OSK,1999-08-20,1.5,Y
OSK,2003-08-14,2.0,Y
OSK,2005-08-29,2.0,Y
OTEX,2003-10-29,2.0,Y
OTEX,2014-02-19,2.0,Y
OTEX,2017-01-25,2.0,Y
OTTR,1988-06-16,2.0,Y
OTTR,2000-03-16,2.0,Y
OZK,2002-06-18,2.0,Y
OZK,2003-12-11,2.0,Y
OZK,2011-08-17,2.0,Y
OZK,2014-06-24,2.0,Y
PAYX,1986-06-13,1.5,Y
PAYX,1987-11-16,1.5,Y
PAYX,1992-05-21,1.5,Y
PAYX,1993-08-27,1.5,Y
PAYX,1995-05-26,1.5,Y
PAYX,1996-05-24,1.5,Y
PAYX,1997-05-30,1.5,Y
PAYX,1998-05-26,1.5,Y
PAYX,1999-05-24,1.5,Y
PAYX,2000-05-23,1.5,Y
PB,1997-04-01,2.0,Y
PB,2002-06-03,2.0,Y
PEBO,1993-03-26,1.1,Y
PEBO,1994-05-02,2.0,Y
PEBO,1995-10-05,1.1,Y
PEBO,1996-07-11,1.1,Y
PEBO,1998-05-01,1.5,Y
PEBO,1999-05-26,1.1,Y
PEBO,2000-02-17,1.1,Y
PEBO,2001-08-22,1.1,Y
PEBO,2002-06-11,1.1,Y
PEBO,2003-08-27,1.05,Y
PEBO,2013-07-15,1.1,Y
PEG,1987-07-27,1.5,Y
PEG,2008-02-05,2.0,Y
PEP,1977-05-31,3.0,Y
PEP,1986-05-29,3.0,Y
PEP,1990-09-05,3.0,Y
PEP,1996-05-29,2.0,Y
PFE,1983-07-01,2.0,Y
PFE,1991-04-01,2.0,Y
PFE,1995-07-03,2.0,Y
PFE,1997-07-01,2.0,Y
PFE,1999-07-01,3.0,Y
PFE,2020-11-17,1.054,Y
PG,1970-05-19,2.0,Y
PG,1983-02-22,2.0,Y
PG,1989-11-20,2.0,Y
PG,1992-06-15,2.0,Y
PG,1997-09-22,2.0,Y
PG,2004-06-21,2.0,Y
PH,1977-05-16,1.5,Y
PH,1981-09-08,1.5,Y
PH,1986-06-09,1.5,Y
PH,1995-06-02,1.5,Y
PH,1997-09-08,1.5,Y
PH,2007-10-02,1.5,Y
PHM,1979-01-03,1.5,Y
PHM,1980-09-08,2.0,Y
PHM,1982-12-16,2.0,Y
PHM,1983-05-31,2.0,Y
PHM,1998-06-02,2.0,Y
PHM,2004-01-05,2.0,Y
PHM,2005-09-02,2.0,Y
PII,1993-08-19,2.0,Y
PII,1995-10-18,1.5,Y
PII,2004-03-09,2.0,Y
PII,2011-09-13,2.0,Y
PNC,1982-05-21,2.0,Y
PNC,1985-07-02,2.0,Y
PNC,1992-11-16,2.0,Y
PNM,2004-06-14,1.5,Y
PNW,2011-04-28,10.0,Y
POOL,1997-09-30,1.5,Y
POOL,1998-07-27,1.5,Y
POOL,2000-06-20,1.5,Y
POOL,2001-09-10,1.5,Y
POOL,2003-09-15,1.5,Y
POOL,2004-09-13,1.5,Y
POWI,1999-11-23,2.0,Y
POWI,2020-08-19,2.0,Y
PPG,1977-07-25,1.5,Y
PPG,1983-09-13,2.0,Y
PPG,1987-03-13,2.0,Y
PPG,1994-06-13,2.0,Y
PPG,2015-06-15,2.0,Y
PRGO,1993-08-26,2.0,Y
QCOM,1994-02-24,2.0,Y
QCOM,1999-05-11,2.0,Y
QCOM,1999-12-31,4.0,Y
QCOM,2004-08-16,2.0,Y
R,1977-03-25,1.03,Y
R,1978-05-23,1.03,Y
R,1979-05-23,1.03,Y
R,1980-05-23,1.03,Y
R,1981-05-22,1.03,Y
R,1982-05-24,1.03,Y
R,1983-05-23,1.03,Y
R,1984-05-24,1.03,Y
R,1985-03-20,2.0,Y
R,1986-06-02,1.5,Y
R,1993-12-15,1.153,Y
RBA,2004-05-07,2.0,Y
RBA,2008-04-28,3.0,Y
RF,1976-06-18,1.049,Y
RF,1976-07-20,1.05,Y
RF,1977-12-14,1.05,Y
RF,1978-01-20,1.05,Y
RF,1979-06-13,1.1,Y
RF,1979-08-01,1.1,Y
RF,1984-06-04,2.0,Y
RF,1986-06-02,2.0,Y
RF,1993-03-01,1.1,Y
RF,1997-06-16,2.0,Y
RF,2004-07-01,1.235,Y
RGA,1997-09-02,1.5,Y
RGA,1999-03-01,1.5,Y
RHI,1983-08-16,2.0,Y
RHI,1984-05-22,2.0,Y
RHI,1987-07-06,2.0,Y
RHI,1988-03-18,1.5,Y
RHI,1994-08-29,2.0,Y
RHI,1996-06-10,2.0,Y
RHI,1997-09-29,1.5,Y
RHI,2000-06-13,2.0,Y
RJF,1985-12-30,1.1,Y
RJF,1987-03-03,1.1,Y
RJF,1991-04-22,1.5,Y
RJF,1992-02-04,1.5,Y
RJF,1993-11-16,1.5,Y
RJF,1997-04-04,1.5,Y
RJF,1998-04-03,1.5,Y
RJF,2004-03-25,1.5,Y
RJF,2006-03-23,1.5,Y
RJF,2021-09-22,1.5,Y
RLI,1977-05-09,1.2,Y
RLI,1978-06-09,1.2,Y
RLI,1979-09-10,1.1,Y
RLI,1981-01-19,1.25,Y
RLI,1985-07-16,1.667,Y
RLI,1986-07-16,1.5,Y
RLI,1995-06-22,1.25,Y
RLI,1998-06-22,1.25,Y
RLI,2002-10-16,2.0,Y
RLI,2014-01-16,2.0,Y
RLI,2025-01-16,2.0,Y
RMD,1998-11-17,2.0,Y
RMD,2000-04-03,2.0,Y
RMD,2005-10-03,2.0,Y
RMD,2010-08-31,2.0,Y
RNR,2002-05-31,3.0,Y
ROK,1980-06-16,2.0,Y
ROK,1983-06-20,2.0,Y
ROK,1987-04-14,2.0,Y
ROP,1993-09-21,2.0,Y
ROP,1997-08-04,2.0,Y
ROP,2005-08-29,2.0,Y
RPM,1975-10-06,1.499,Y
RPM,1976-10-12,1.499,Y
RPM,1977-10-17,1.5,Y
RPM,1978-10-13,1.5,Y
RPM,1983-11-09,1.25,Y
RPM,1984-12-03,1.25,Y
RPM,1987-11-09,1.5,Y
RPM,1990-12-10,1.25,Y
RPM,1992-12-07,1.5,Y
RPM,1995-12-11,1.25,Y
RPM,1997-12-09,1.25,Y
RRX,1976-06-16,1.499,Y
RRX,1980-05-01,1.25,Y
RRX,1983-12-01,1.5,Y
RRX,1985-03-25,1.05,Y
RRX,1987-06-01,1.5,Y
RRX,1988-05-17,1.5,Y
RRX,1994-08-15,2.0,Y
RS,1997-06-30,1.5,Y
RS,1999-09-27,1.5,Y
RS,2006-07-20,2.0,Y
RSG,2007-03-19,1.5,Y
RUSHA,2007-10-11,1.5,Y
RUSHA,2020-10-13,1.5,Y
RUSHA,2023-08-29,1.5,Y
SBUX,1993-09-30,2.0,Y
SBUX,1995-12-04,2.0,Y
SBUX,1999-03-22,2.0,Y
SBUX,2001-04-30,2.0,Y
SBUX,2005-10-24,2.0,Y
SBUX,2015-04-09,2.0,Y
SCI,1981-06-12,1.333,Y
SCI,1983-01-21,1.5,Y
SCI,1984-10-31,1.5,Y
SCI,1985-11-01,1.5,Y
SCI,1987-02-02,1.5,Y
SCI,1992-07-01,1.5,Y
SCI,1996-09-03,2.0,Y
SCI,1997-08-25,2.0,Y
SCI,2000-02-22,2.0,Y
SCL,1972-10-02,2.0,Y
SCL,1982-01-04,2.0,Y
SCL,1989-01-03,2.0,Y
SCL,1994-12-16,2.0,Y
SCL,2012-12-17,2.0,Y
SEIC,1983-02-23,2.0,Y
SEIC,1987-06-23,2.0,Y
SEIC,1993-07-07,2.0,Y
SEIC,2000-06-20,3.0,Y
SEIC,2001-03-01,2.0,Y
SEIC,2007-06-22,2.0,Y
SF,1992-10-06,1.05,Y
SF,1993-10-08,1.05,Y
SF,1995-02-06,1.05,Y
SF,1996-02-02,1.05,Y
SF,1997-01-31,1.05,Y
SF,1998-02-10,1.05,Y
SF,1999-02-09,1.05,Y
SF,2004-09-16,1.333,Y
SF,2008-06-13,1.5,Y
SF,2011-04-06,1.5,Y
SF,2020-12-17,1.5,Y
SFBS,2014-07-17,3.0,Y
SFBS,2016-12-21,2.0,Y
SFNC,1985-05-02,2.0,Y
SFNC,1992-06-08,2.0,Y
SFNC,1996-12-09,1.5,Y
SFNC,2003-05-02,2.0,Y
SFNC,2018-02-09,2.0,Y
SHW,1981-03-31,2.0,Y
SHW,1983-03-31,2.0,Y
SHW,1986-04-01,2.0,Y
SHW,1991-04-01,2.0,Y
SHW,1997-03-31,2.0,Y
SHW,2021-04-01,3.0,Y
SIGI,1981-04-02,1.5,Y
SIGI,1983-09-02,2.0,Y
SIGI,1989-09-05,1.5,Y
SIGI,1997-12-02,2.0,Y
SIGI,2007-02-21,2.0,Y
SIRI,2011-05-03,0.857,Y
SIRI,2011-10-10,0.25,Y
SIRI,2024-09-10,0.1,Y
SJM,1983-05-24,2.0,Y
SJM,1985-12-03,2.0,Y
SJM,1990-05-31,2.0,Y
SJM,1991-10-01,2.0,Y
SJW,1977-04-06,2.0,Y
SJW,1985-07-24,2.0,Y
SJW,2004-03-02,3.0,Y
SJW,2006-03-17,2.0,Y
SLGN,2005-09-16,2.0,Y
SLGN,2010-05-04,2.0,Y
SLGN,2017-05-30,2.0,Y
SNA,1979-05-14,2.0,Y
SNA,1986-07-28,2.0,Y
SNA,1996-09-11,1.5,Y
SO,1994-03-01,2.0,Y
SO,2001-04-03,1.637,Y
SON,1977-03-30,1.099,Y
SON,1979-02-09,1.1,Y
SON,1981-04-16,2.0,Y
SON,1985-06-11,2.0,Y
SON,1987-06-11,2.0,Y
SON,1993-06-11,2.0,Y
SON,1995-05-15,1.05,Y
SON,1998-05-13,1.1,Y
SPGI,1983-06-02,2.0,Y
SPGI,1996-04-29,2.0,Y
SPGI,1999-03-09,2.0,Y
SPGI,2005-05-18,2.0,Y
SR,1984-03-08,2.0,Y
SR,1994-03-08,2.0,Y
SR,2013-05-10,0.2,Y
SRE,1992-05-28,2.0,Y
SRE,1998-06-29,1.503,Y
SRE,2023-08-22,2.0,Y
SSB,1997-06-02,2.0,Y
SSB,1998-10-29,1.1,Y
SSB,2002-11-20,1.1,Y
SSB,2004-12-20,1.05,Y
SSB,2007-03-07,1.05,Y
SSD,2002-08-19,2.0,Y
SSD,2004-11-19,2.0,Y
SSNC,2004-03-08,1.5,Y
SSNC,2016-06-03,2.0,Y
SSNC,2016-06-27,2.0,Y
STBA,1992-06-15,2.0,Y
STBA,1994-09-16,2.0,Y
STBA,1998-11-02,2.0,Y
STE,1995-08-25,2.0,Y
STE,1998-08-25,2.0,Y
STLD,2006-11-21,2.0,Y
STLD,2008-03-31,2.0,Y
STT,1982-05-20,2.0,Y
STT,1983-05-19,2.0,Y
STT,1985-08-16,2.0,Y
STT,1986-08-06,2.0,Y
STT,1992-05-14,2.0,Y
STT,1997-05-29,2.0,Y
STT,2001-05-31,2.0,Y
STZ,1991-11-12,1.5,Y
STZ,1992-07-21,1.5,Y
STZ,2001-05-15,2.0,Y
STZ,2002-05-14,2.0,Y
STZ,2005-05-16,2.0,Y
SUI,2006-05-10,5.0,Y
SWK,1978-10-03,1.5,Y
SWK,1980-05-21,2.0,Y
SWK,1986-09-29,1.5,Y
SWK,1986-09-30,1.5,Y
SWK,1996-06-04,2.0,Y
SWKS,1980-03-04,1.5,Y
SWKS,1982-12-14,2.0,Y
SWKS,1999-02-19,1.5,Y
SWKS,2000-04-20,2.0,Y
SXI,1978-11-27,2.0,Y
SXI,1981-11-23,1.2,Y
SXI,1982-12-06,1.083,Y
SXI,1983-11-28,2.0,Y
SXI,1993-05-26,2.0,Y
SYBT,1993-10-08,1.1,Y
SYBT,1994-10-03,1.1,Y
SYBT,1996-09-18,2.0,Y
SYBT,1999-03-01,2.0,Y
SYBT,2003-09-22,2.0,Y
SYBT,2006-05-08,1.05,Y
SYBT,2016-05-31,1.5,Y
SYK,1980-11-12,1.5,Y
SYK,1982-11-15,1.5,Y
SYK,1985-09-17,1.5,Y
SYK,1987-06-12,2.0,Y
SYK,1989-06-20,1.5,Y
SYK,1991-06-14,2.0,Y
SYK,1996-06-11,2.0,Y
SYK,2000-05-15,2.0,Y
SYK,2004-05-17,2.0,Y
SYY,1973-01-15,1.25,Y
SYY,1979-06-22,1.5,Y
SYY,1980-12-23,1.5,Y
SYY,1982-06-28,2.0,Y
SYY,1986-03-31,2.0,Y
SYY,1989-10-18,2.0,Y
SYY,1992-06-22,2.0,Y
SYY,1998-03-23,2.0,Y
SYY,2000-12-18,2.0,Y
TCBK,1993-06-24,1.12,Y
TCBK,1995-10-16,1.25,Y
TCBK,1998-11-02,1.5,Y
TCBK,2004-05-03,2.0,Y
TDS,1988-03-18,1.5,Y
TDS,1988-12-19,1.5,Y
TDS,2005-05-16,1.951,Y
TDS,2012-01-25,1.087,Y
TGT,1981-12-01,2.0,Y
TGT,1983-07-25,2.0,Y
TGT,1996-07-18,3.0,Y
TGT,1998-05-01,2.0,Y
TGT,2000-07-20,2.0,Y
THO,1986-04-01,1.5,Y
THO,1992-05-12,1.5,Y
THO,1998-04-07,1.5,Y
THO,2002-07-09,2.0,Y
THO,2004-01-27,2.0,Y
TKR,1988-09-01,2.0,Y
TKR,1997-06-02,2.0,Y
TKR,2014-07-01,1.397,Y
TMO,1973-11-19,2.0,Y
TMO,1979-07-10,1.5,Y
TMO,1984-01-04,1.5,Y
TMO,1985-09-17,1.5,Y
TMO,1986-11-03,1.5,Y
TMO,1993-10-29,1.5,Y
TMO,1995-05-25,1.5,Y
TMO,1996-06-06,1.5,Y
TNC,1981-03-16,2.0,Y
TNC,1995-04-27,2.0,Y
TNC,2006-07-26,2.0,Y
TOWN,2002-02-26,2.0,Y
TOWN,2004-06-18,1.5,Y
TOWN,2005-08-24,1.03,Y
TOWN,2012-05-23,1.03,Y
TPL,1975-07-01,2.0,Y
TPL,1980-03-12,3.0,Y
TPL,2007-07-13,5.0,Y
TPL,2024-03-27,3.0,Y
TR,1981-03-13,1.03,Y
TR,1982-03-15,1.03,Y
TR,1983-03-15,1.03,Y
TR,1984-03-15,1.03,Y
TR,1985-03-15,1.03,Y
TR,1986-03-17,1.03,Y
TR,1986-07-11,1.5,Y
TR,1987-03-16,1.03,Y
TR,1987-05-29,2.0,Y
TR,1988-03-11,1.03,Y
TR,1989-03-10,1.03,Y
TR,1990-03-09,1.03,Y
TR,1991-03-12,1.03,Y
TR,1992-03-12,1.03,Y
TR,1993-03-12,1.03,Y
TR,1995-07-12,2.0,Y
TR,1997-03-07,1.03,Y
TR,1998-03-06,1.03,Y
TR,1998-07-14,2.0,Y
TR,1999-03-05,1.03,Y
TR,2000-03-03,1.03,Y
TR,2001-03-02,1.03,Y
TR,2002-03-01,1.03,Y
TR,2003-02-28,1.03,Y
TR,2004-02-27,1.03,Y
TR,2005-03-09,1.03,Y
TR,2006-03-08,1.03,Y
TR,2007-03-07,1.03,Y
TR,2008-03-06,1.03,Y
TR,2009-03-06,1.03,Y
TR,2013-03-01,1.03,Y
TR,2014-02-28,1.03,Y
TR,2015-03-06,1.03,Y
TR,2016-03-04,1.03,Y
TR,2017-03-03,1.03,Y
TR,2018-03-05,1.03,Y
TR,2020-03-02,1.03,Y
TR,2021-03-04,1.03,Y
TR,2022-03-04,1.03,Y
TR,2023-03-03,1.03,Y
TR,2024-03-05,1.03,Y
TRI,2023-06-23,0.963,Y
TRN,1976-04-30,2.0,Y
TRN,1979-11-01,2.0,Y
TRN,1980-10-31,2.0,Y
TRN,1993-09-01,1.5,Y
TRN,1997-04-01,1.222,Y
TRN,2006-06-12,1.5,Y
TRN,2014-06-20,2.0,Y
TRN,2018-11-01,1.389,Y
TROW,1990-01-02,2.0,Y
TROW,1993-12-01,2.0,Y
TROW,1996-05-01,2.0,Y
TROW,1998-05-01,2.0,Y
TROW,2006-06-26,2.0,Y
TRV,1986-06-09,2.0,Y
TRV,1994-06-07,2.0,Y
TRV,1998-05-12,2.0,Y
TSCO,2002-08-20,2.0,Y
TSCO,2003-08-22,2.0,Y
TSCO,2010-09-03,2.0,Y
TSCO,2013-09-27,2.0,Y
TSN,1978-10-26,4.0,Y
TSN,1983-04-18,2.0,Y
TSN,1985-04-16,2.0,Y
TSN,1986-04-16,2.0,Y
TSN,1987-04-16,1.5,Y
TSN,1991-04-16,2.0,Y
TSN,1997-02-18,1.5,Y
TTC,1978-12-12,2.0,Y
TTC,1987-06-11,1.5,Y
TTC,2003-04-15,2.0,Y
TTC,2005-04-13,2.0,Y
TTC,2012-07-02,2.0,Y
TTC,2016-09-19,2.0,Y
TTEK,1992-12-15,1.25,Y
TTEK,1993-11-15,1.25,Y
TTEK,1994-09-19,1.25,Y
TTEK,1995-06-26,1.25,Y
TTEK,1996-06-24,1.25,Y
TTEK,1997-12-02,1.25,Y
TTEK,1998-09-16,1.25,Y
TTEK,1999-06-16,1.25,Y
TTEK,2001-12-18,1.25,Y
TTEK,2024-09-09,5.0,Y
TXN,1973-05-29,2.0,Y
TXN,1987-06-15,3.0,Y
TXN,1995-08-21,2.0,Y
TXN,1997-11-24,2.0,Y
TXN,1999-08-17,2.0,Y
TXN,2000-05-23,2.0,Y
UBSI,1988-02-16,2.0,Y
UBSI,1998-03-30,2.0,Y
UCBI,2002-05-30,2.0,Y
UCBI,2004-04-29,1.5,Y
UCBI,2008-09-03,1.008,Y
UCBI,2008-12-08,1.008,Y
UCBI,2009-03-09,1.008,Y
UCBI,2009-09-08,1.008,Y
UCBI,2011-06-20,0.2,Y
UDR,1983-08-01,1.5,Y
UDR,1993-05-06,2.0,Y
UFPI,2017-11-15,3.0,Y
UGI,1990-07-02,2.0,Y
UGI,2003-04-02,1.5,Y
UGI,2005-05-25,2.0,Y
UGI,2014-09-08,1.5,Y
UMBF,1975-12-11,1.049,Y
UMBF,1977-02-16,1.5,Y
UMBF,1978-12-19,1.1,Y
UMBF,1979-12-14,1.1,Y
UMBF,1980-12-15,1.1,Y
UMBF,1981-12-11,1.15,Y
UMBF,1982-12-10,1.1,Y
UMBF,1983-12-12,1.1,Y
UMBF,1984-12-11,1.1,Y
UMBF,1985-12-13,1.1,Y
UMBF,1987-01-05,1.5,Y
UMBF,1987-12-08,1.05,Y
UMBF,1988-12-09,1.05,Y
UMBF,1991-12-09,1.1,Y
UMBF,1994-06-08,1.1,Y
UMBF,1995-12-11,1.1,Y
UMBF,1996-12-09,1.05,Y
UMBF,1997-12-09,1.05,Y
UMBF,1999-12-09,1.1,Y
UMBF,2001-12-10,1.05,Y
UMBF,2006-05-31,2.0,Y
UNF,1989-12-04,2.0,Y
UNF,1994-01-20,2.0,Y
UNH,1992-09-16,2.0,Y
UNH,1994-03-11,2.0,Y
UNH,2000-12-26,2.0,Y
UNH,2003-06-19,2.0,Y
UNH,2005-05-31,2.0,Y
UNM,1992-03-10,2.0,Y
UNM,1997-06-03,2.0,Y
UNP,1977-02-16,2.0,Y
UNP,1980-05-12,2.0,Y
UNP,1991-10-02,2.0,Y
UNP,1996-10-16,1.487,Y
UNP,2008-05-29,2.0,Y
UNP,2014-06-09,2.0,Y
USB,1979-02-22,1.25,Y
USB,1984-06-25,1.1,Y
USB,1985-04-16,2.0,Y
USB,1989-04-17,2.0,Y
USB,1997-01-16,3.0,Y
USB,1998-05-19,3.0,Y
USB,1999-04-16,3.0,Y
USB,2001-02-27,1.265,Y
UVV,1975-11-12,2.0,Y
UVV,1978-03-06,2.0,Y
UVV,1984-03-02,2.0,Y
UVV,1992-01-02,2.0,Y
V,2000-12-11,0.2,Y
V,2015-03-19,4.0,Y
VMC,1976-05-17,2.0,Y
VMC,1989-03-13,4.0,Y
VMC,1999-03-11,3.0,Y
VRTS,1995-05-22,2.0,Y
VRTS,1996-10-01,1.5,Y
VRTS,1997-09-15,1.5,Y
VRTS,1998-05-21,1.5,Y
VRTS,1999-07-09,2.0,Y
VRTS,1999-11-22,1.5,Y
VRTS,2000-03-06,1.5,Y
VZ,1986-04-18,2.0,Y
VZ,1990-05-02,2.0,Y
VZ,1998-06-30,2.0,Y
VZ,2006-11-20,1.038,Y
VZ,2008-04-01,1.005,Y
VZ,2010-07-02,1.066,Y
WABC,1976-01-12,1.05,Y
WABC,1976-11-24,1.05,Y
WABC,1977-11-25,1.05,Y
WABC,1978-04-10,2.0,Y
WABC,1979-01-22,1.1,Y
WABC,1981-12-03,1.072,Y
WABC,1987-06-11,2.0,Y
WABC,1998-02-26,3.0,Y
WAFD,1984-02-16,1.5,Y
WAFD,1985-01-30,1.1,Y
WAFD,1985-06-24,1.5,Y
WAFD,1986-01-29,1.1,Y
WAFD,1987-03-20,1.5,Y
WAFD,1988-02-25,1.1,Y
WAFD,1989-03-06,1.1,Y
WAFD,1990-03-12,1.5,Y
WAFD,1992-03-02,1.5,Y
WAFD,1993-02-09,1.1,Y
WAFD,1994-01-26,1.1,Y
WAFD,1996-02-13,1.1,Y
WAFD,1997-02-05,1.1,Y
WAFD,1998-02-10,1.1,Y
WAFD,1999-02-10,1.1,Y
WAFD,2001-02-07,1.1,Y
WAFD,2002-02-06,1.1,Y
WAFD,2003-02-05,1.1,Y
WAFD,2004-02-04,1.1,Y
WAFD,2005-02-02,1.1,Y
WCN,2004-06-25,1.5,Y
WCN,2007-03-14,1.5,Y
WCN,2010-11-15,1.5,Y
WCN,2016-06-01,0.481,Y
WCN,2017-06-19,1.5,Y
WDFC,1978-10-03,2.0,Y
WDFC,1983-05-02,3.0,Y
WDFC,1997-08-01,2.0,Y
WEC,1982-07-28,1.5,Y
WEC,1987-07-01,2.0,Y
WEC,1992-07-01,1.5,Y
WEC,2011-03-02,2.0,Y
WGO,2004-03-08,2.0,Y
WLK,2014-03-19,2.0,Y
WLY,1982-09-14,2.0,Y
WLY,1994-07-14,2.0,Y
WLY,1995-10-19,2.0,Y
WLY,1998-10-19,2.0,Y
WLY,1999-06-01,2.0,Y
WMB,1975-02-28,2.0,Y
WMB,1975-03-03,2.0,Y
WMB,1993-11-08,2.0,Y
WMB,1996-12-31,1.5,Y
WMB,1997-12-30,2.0,Y
WMB,2001-04-24,1.089,Y
WMB,2012-01-03,1.227,Y
WMS,1992-03-02,2.0,Y
WMS,1998-04-07,6.05,Y
WMS,2007-06-15,1.5,Y
WMT,1975-08-25,2.0,Y
WMT,1980-12-17,2.0,Y
WMT,1982-07-12,2.0,Y
WMT,1983-07-11,2.0,Y
WMT,1985-10-07,2.0,Y
WMT,1987-07-13,2.0,Y
WMT,1990-07-09,2.0,Y
WMT,1993-02-26,2.0,Y
WMT,1999-04-20,2.0,Y
WMT,2024-02-26,3.0,Y
WOR,1974-09-30,2.0,Y
WOR,1976-06-07,1.5,Y
WOR,1977-10-31,1.5,Y
WOR,1978-05-25,1.5,Y
WOR,1979-04-30,1.5,Y
WOR,1983-03-31,1.333,Y
WOR,1983-04-03,1.333,Y
WOR,1983-04-04,1.333,Y
WOR,1985-10-28,1.5,Y
WOR,1986-11-03,1.5,Y
WOR,1991-10-28,1.5,Y
WOR,1993-10-25,1.5,Y
WOR,2023-12-01,1.622,Y
WRB,1975-05-27,1.06,Y
WRB,1976-06-07,1.06,Y
WRB,1977-06-06,1.06,Y
WRB,1978-06-15,1.06,Y
WRB,1979-06-26,1.07,Y
WRB,1979-12-26,1.07,Y
WRB,1980-06-26,1.07,Y
WRB,1981-06-26,1.07,Y
WRB,1982-06-21,1.07,Y
WRB,1983-06-20,1.07,Y
WRB,1986-06-19,1.5,Y
WRB,1991-05-06,1.5,Y
WRB,1997-09-19,1.5,Y
WRB,2002-07-03,1.5,Y
WRB,2003-08-28,1.5,Y
WRB,2005-04-11,1.5,Y
WRB,2006-04-05,1.5,Y
WRB,2019-04-03,1.5,Y
WRB,2022-03-24,1.5,Y
WRB,2024-07-11,1.5,Y
WSBC,1989-12-04,1.1,Y
WSBC,1993-04-23,2.0,Y
WSBC,1997-08-04,1.5,Y
WSFS,2015-05-19,3.0,Y
WSM,1986-06-27,1.5,Y
WSM,1989-06-29,1.5,Y
WSM,1990-07-02,1.5,Y
WSM,1994-02-22,1.5,Y
WSM,1994-09-27,1.5,Y
WSM,1998-05-18,2.0,Y
WSM,2002-05-10,2.0,Y
WSM,2024-07-09,2.0,Y
WSO,1992-04-09,1.05,Y
WSO,1995-05-16,1.5,Y
WSO,1996-06-17,1.5,Y
WSO,1998-08-17,1.5,Y
WST,1982-05-06,2.0,Y
WST,1987-06-02,2.0,Y
WST,2004-09-29,2.0,Y
WST,2004-09-30,2.0,Y
WST,2013-09-27,2.0,Y
WTFC,2002-03-15,1.5,Y
WTRG,1975-06-02,2.0,Y
WTRG,1981-07-01,12.43,Y
WTRG,1986-09-03,1.5,Y
WTRG,1996-07-11,1.5,Y
WTRG,1998-01-13,1.333,Y
WTRG,2000-12-04,1.25,Y
WTRG,2001-12-03,1.25,Y
WTRG,2003-12-02,1.25,Y
WTRG,2005-12-02,1.333,Y
WTRG,2013-09-03,1.25,Y
WTS,1994-03-16,2.0,Y
WTS,1999-10-19,0.72,Y
XEL,1986-06-16,2.0,Y
XEL,1998-06-02,2.0,Y
XOM,1976-07-26,2.0,Y
XOM,1981-06-12,2.0,Y
XOM,1987-09-15,2.0,Y
XOM,1997-04-14,2.0,Y
XOM,2001-07-19,2.0,Y
XRAY,1992-08-24,2.0,Y
XRAY,1997-10-30,2.0,Y
XRAY,2002-02-01,1.5,Y
XRAY,2006-07-18,2.0,Y
YUM,2002-06-18,2.0,Y
YUM,2007-06-27,2.0,Y
YUM,2016-11-01,1.391,Y
ZION,1978-09-01,1.5,Y
ZION,1981-08-17,1.5,Y
ZION,1993-01-27,2.0,Y
ZION,1997-05-15,4.0,Y
